Date,newsID1,newsTitle1,newsID2,newsTitle2,newsID3,newsTitle3,newsID4,newsTitle4,newsID5,newsTitle5,newsID6,newsTitle6,newsID7,newsTitle7,newsID8,newsTitle8,newsID9,newsTitle9,newsID10,newsTitle10
2024-05-29,224767206,Jury to Begin Deliberations In Trump Trial,225109966,Scottie Scheffler PGA Championship charges set to get dropped,225012756,Pandas to return to DC's National Zoo,225129646,Alito rejects calls to step aside from Supreme Court cases because of flag controversies,224786668,ï¿½Bad Breath Rapistï¿½ Caught in California After 16 Years On the Run,224993456,ConocoPhillips to buy Marathon Oil in $17.1 billion all-stock deal that bolsters shale assets,224759880,Gas Explosion In Downtown Youngstown_ Ohio Injures At Least 7,224777484,Best Hair Dryers For Curly Hair 2024 - Forbes Vetted,225031922,Nissan warns owners of older vehicles not to drive them due to risk of exploding air bag inflators,224779450,Josh Gibson becomes MLB career and season batting leader as Negro Leagues statistics incorporated
2025-05-28,325782446,Elden Ring Nightreign review,325600490,Kyle Chrisley Speaks Out After President Trump Pardons Todd and Julie Chrisley: 'I'm Ecstatic',325577786,ï¿½Hacksï¿½ Renewed for Season 5 at Max,325813908,Netanyahu: Hamas Gaza Chief Mohammed Sinwar Has Been Killed,325587004,Elon Musk says he's "disappointed" by Trump's "big_ beautiful bill",325840530,Andrew and Tristan Tate Face New Rape_ Human Trafficking Charges,325577048,Terry Bradshaw Criticizes the Idea of the Steelers Signing Aaron Rodgers as ï¿½Ridiculousï¿½,325708928,Czech Republic blames China for cyberattack on foreign ministry,325620448,Tyrese Haliburton posts triple-double as Pacers top Knicks to take 3-1 lead,325803568,Keanu Reeves Is a Guardian Angel to Seth Rogen in Aziz Ansariï¿½s ï¿½Good Fortuneï¿½ Teaser
2025-05-29,325964330,Elden Ring Nightreign Trailer Features the Best Evanescence Song for the Revenant,325944054,U.S. Will ï¿½Aggressivelyï¿½ Revoke Visas of Many Chinese Students_ Rubio Says,326084092,Stocks Jump After Court Blocks Trumpï¿½s Tariffs,325973556,WATCH:  Swiss glacier collapse buries mountain village,325943412,Today's NYT Connections: Sports Edition Hints and Answers for May 29_ #248,325955376,Elon Musk leaving Trump administration as chief government cost cutter,325964290,Defending champ Panthers oust Hurricanes_ return to Stanley Cup Final,325949166,Elon Musk Exits Donald Trump Administration After 4 Months,325938970,Trump commutes sentence of former Gangster Disciples leader Larry Hoover,325970642,Cardinals vs. Orioles Highlights | MLB on FOX
2025-06-02,327363514,ï¿½King of the Hillï¿½ voice actor Jonathan Joss killed in Texas shooting after argument with neighbor,327172888,What We Know About the Attack in Colorado,327326166,Supreme Court wonï¿½t hear challenge to Maryland assault weapons ban,327393126,Suspect in attack on Boulderï¿½s Pearl Street mall charged with federal hate crime,327230032,Trump-backed nationalist clinches Poland's presidency,327235828,China Rejects Trumpï¿½s Allegations And Accuses US Of Violating Trade Pact,327173224,Conservative Karol Nawrocki wins Poland's presidential election,327140658,Female Oregon athletes refuse to share podium with trans competitor_ leave high school track and field championship: video,327320366,EU readying ï¿½countermeasuresï¿½ if tariffs deal with US crumbles,327343944,Supreme Court to consider reviving Republicans' Illinois election law challenge
2025-06-04,327839962,Kudlow - Tuesday_ June 3,327858142,Jessie J Diagnosed With Breast Cancer,327835648,Today's NYT Connections: Sports Edition Hints and Answers for June 4_ #254,327875990,Trump’s 50 Percent Tariffs on Steel_ Aluminum Take Effect_ Aimed at Boosting US Production,327895138,Travis Kelce Celebrates Taylor Swift Buying Back Her Music Catalog: 'It's Finally Hers',328071010,FBI arrests a man in New York linked to explosion at a California fertility clinic_ officials say,328005216,2 more attacks on Jews heighten concerns about security in and around US synagogues - AP News,327840856,What to know about fatal shooting of ‘King of the Hill’ actor Jonathan Joss as co-stars pay tribute,328023062,Iran’s Supreme Leader rejects ‘arrogant’ US nuclear deal proposal,327837128,Trump Administration Live Updates: Trump Rescinds Biden Mandate That Hospitals Offer Emergency Abortions
2025-01-01,277437292,Justin Baldoni files $250M libel lawsuit against the New York Times over Blake Lively story,277537068,See all homes sold in Teaneck_ Dec. 23 to Dec. 29,277594878,Sugar Bowl postponed 24 hours following deadly attack in New Orleans,277603760,Video Shows Tesla Cybertruck Explode in Front of Trump Hotel,277531256,At least 10 people killed by car driving into crowd in New Orleans,277558272,Driver rams New Year's revelers in New Orleans_ killing 10. FBI investigating as 'act of terrorism',277464772,Dear Annie: New Year’s resolution advice to readers as we start 2025,277564124,Gypsy-Rose Blanchard Welcomes First Baby_ Daughter Aurora_ with Boyfriend Ken Urker,277524696,Ukraine halts transit of Russian gas to Europe after a prewar deal expired,277570574,Trump denounces New Orleans truck attack as ‘act of pure evil’ in New Orleans_ implies suspect entered US illegally
2025-01-02,277629390,U.S.-LAS VEGAS-TRUMP HOTEL-TESLA CYBERTRUCK EXPLOSION,277747050,New Orleans attack kills 15,277633754,What we know about the driver in deadly New Orleans attack,277655868,John Capodice Dies: The Character Actor Was 83,277638520,New Orleans Attack Suspect Was Inspired by ISIS_ Expressed Desire to Kill: Biden,277747036,New Year's Day attack in New Orleans,277792900,Man who died in Tesla truck explosion was active US Army solider: AP sources,277749202,Biden to give Presidential Citizens Medal to 20_ including former Rep. Liz Cheney,277802464,‘With Love_ Meghan’ Trailer: Meghan Markle’s Netflix Lifestyle Series Showcases Cooking and Gardening Skills — and an Appearance From Prince Harry,277703846,US Army veteran who killed 15 in New Orleans attack was inspired by Islamic State - The Associated Press
2025-01-03,277900132,10 most expensive homes sold in Ann Arbor_ Dec. 23-29,278000074,Surgeon General calls for cancer risk warning on alcoholic beverages,277920904,Biden decides to block Nippon Steel’s $15 billion acquisition of U.S. Steel: Report,277866624,Security ramped up at Sugar Bowl in New Orleans after Bourbon Street attack,278081130,Mike Johnson re-elected as House speaker,278027234,Biden to visit New Orleans Monday_ in wake of Bourbon Street attack,277897762,South Korea’s impeached president defies warrant in hourslong standoff - The Associated Press,278018412,JetBlue Fined $2 Million by US DOT for ‘Chronic Flight Delays’ - Bloomberg,278091578,Judge sets Trump’s sentencing in hush money case for Jan. 10_ but signals no jail time,277887610,Apple Agrees to Pay $95 Million to Settle Siri Privacy Lawsuit
2025-01-04,278241926,Aubrey Plaza's Husband_ Writer and Director Jeff Baena_ Dies by Suicide at 47: Report,278225220,10 most expensive homes sold in Hackensack_ Dec. 16-29,278199694,Biden awards Presidential Medal of Freedom to Hillary Clinton_ 18 others,278227278,Magic_ Messi to get Presidential Medal of Freedom,278120530,Jimmy Butler suspended seven games_ Heat now open to trading star in latest twist,278146234,Kudlow - Friday_ January 3,278157138,How to watch Bengals vs. Steelers online,278211888,Tomiko Itooka of Japan_ World’s Oldest Person_ Dies at 116,278120832,Events honoring Jimmy Carter to begin in Georgia,278122480,Surgeon general calls for cancer warning on alcohol
2025-01-05,278359028,How to watch Giants vs. Eagles online,278408410,How to watch the New England Patriots game today (1/5/25) | FREE LIVE STREAM_ TV channel_ odds for NFL Week 18,278423130,Ukraine launches new offensive in Russia’s Kursk region,278325212,Ralph Lauren Receives Presidential Medal of Freedom,278321026,NYT Connections today — my hints and answers for Sunday_ January 5 (game #574),278434988,How to watch Liverpool vs. Manchester United (1/5/25): FREE LIVE STREAM_ time_ TV_ channel for Premier League,278439046,Higher Social Security payments coming for millions of people from bill that Biden is signing - The Associated Press,278359036,How to watch Commanders vs. Cowboys online,278352964,Today’s daily horoscope for Jan. 5_ 2025,278454408,What Channel Are The ‘Golden Globes’ On? Start Time_ How To Watch For Free
2025-01-06,278549596,Canadian Prime Minister Justin Trudeau expected to announce resignation this week: report,278531116,Stars Shine Brighter Than Gold on 2025 Golden Globes Red Carpet,278629526,Congress to Certify Trump’s Election_ With Memories of Riot Looming Large,278549730,Golden Globe Awards 2025: See the Complete Winners List,278582172,See all homes sold in Ingham County_ Dec. 30 to Jan. 5,278547478,Zendaya sparks Tom Holland engagement rumors with diamond ring on Golden Globes 2025 red carpet,278711230,10 most expensive homes sold in Brunswick_ Dec. 23 - Jan. 5,278666352,Nippon_ US Steel file suit after Biden administration blocks $15 billion deal - The Associated Press,278559218,Watch Demi Moores emotional Golden Globes acceptance speech for The Substance,278676056,Doug Pederson Fired as Jaguars HC; GM Trent Baalke to Return After 4-13 NFL Season
2025-01-07,278934968,French Far-Right Leader Jean-Marie Le Pen Has Died Aged 96_ Reports,278919204,Two People Found Dead In JetBlue Aircraft,279012756,Peter Yarrow of Peter_ Paul and Mary Bridged Folk-Pop Eras,278806256,US reports first bird flu related human death in Louisiana,279011086,Trump: Let's Rename the Gulf of Mexico,278804650,Jennifer Lopez and Ben Affleck seek judge’s approval of divorce settlement,279013720,Trump won’t rule out using ‘military force’ to acquire Greenland_ Panama Canal,278953468,Meredith Vieira's Husband Richard Cohen Dies at 76 After Living with Multiple Sclerosis for Over 50 Years,278835778,Trump's attorneys ask Garland to stop the release of special counsel report,278833474,Chargers will sign RB Ezekiel Elliott to practice squad for playoff run
2025-01-08,279116088,'Evacuate Now': Fire Tears Through Upscale Pacific Palisades In Los Angeles,279230972,Thousands evacuate as fast-growing wildfires devastate Southern California amid harsh winds,279260632,Trump Petitions Supreme Court to Halt Sentencing in Hush Money Case,279308620,See homes sold in the Trenton area_ Dec. 30 to Jan. 5,279290872,Pacific Palisades Fire In Malibu,279140036,Brian Matusz_ former Baltimore Orioles and Chicago Cubs pitcher_ dies at 37,279135318,Today's Wordle answer for Wednesday_ January 8,279288294,Merrick Garland Only Plans To Release Half Of Jack Smith’s Final Trump Report,279096092,Cowboys Deny Request for Bears to Interview Head Coach Mike McCarthy: Report,279120348,Here are the LAUSD schools that will be closed Wednesday amid concern over Pacific Palisades fire
2025-01-09,279437958,America Mourns Former President Jimmy Carter At State Funeral,279575378,President Jimmy Carter_ My Father_ and Me,279604792,Assassin's Creed Shadows delayed yet again_ this time to March 2025_ amid Ubisoft's "renewed focus on gameplay quality and engaging Day-1 experiences",279629462,Raiders Continue to Clean House by Firing General Manager Tom Telesco,279512608,How to watch Penn State vs. Notre Dame game today (1/9/25): Orange Bowl FREE LIVE STREAM | Time_ TV channel College Football Playoffs Semifinal,279410620,Today’s ‘Wordle’ #1300 Hints_ Clues And Answer For Thursday_ January 9th,279418796,Sunset fire in Hollywood Hills: Evacuations_ shelter,279570014,New York’s highest appeals court declines to block Trump’s sentencing in hush money case,279570904,Google donates $1 million to Trump’s inauguration fund_ joining other tech giants,279563624,Xbox Developer Direct in January To Showcase Doom: The Dark Ages and Surprise Game
2025-01-10,279676424,Supreme Court denies Trump’s bid to halt sentencing in NYC ‘hush money’ case,279702888,10 most expensive homes sold in Ocean County_ Dec. 30 - Jan. 5,279752536,The Supreme Court should uphold the TikTok ban for children’s sake,279678194,Alec Baldwin sues for malicious prosecution after judge dismissed case of fatal 'Rust' set shooting - The Associated Press,279677620,NFL Announces Rams vs. Vikings Wild Card Game Moved to Arizona amid LA Wildfires,279678866,Appeals court won't block partial release of special counsel's Trump report,279727246,Trump to be sentenced in hush money case_ days before return to White House,279698062,Today’s daily horoscope for Jan. 10_ 2025,279713494,How to watch Ohio State vs. Texas online,279678184,Megan Thee Stallion Is Granted a Restraining Order Against Tory Lanez
2025-01-11,279916464,10 most expensive homes sold in the Howell area_ Dec. 30 - Jan. 5,279926254,Ukraine says it captured 2 North Korean soldiers fighting for Russia - The Associated Press,279874178,Sam Moore_ Half of ‘Soul Man’ Duo Sam & Dave_ Dies at 89,279862184,Sam Moore_ One-Half of the Stax Duo Sam & Dave_ Dies at 89,279868370,Today’s daily horoscope for January 11_ 2025,279875928,Bill McCartney Dies at 84; Legendary Colorado HC Led Buffaloes to 1990 National Title,279867702,Ohio State advances to CFP national championship game with 28-14 win over Texas in Cotton Bowl,279917992,How to watch the Los Angeles Chargers vs. Houston Texans - NFL Wild Card Weekend | Channel_ stream_ preview_ prediction,279851718,Jennifer Garner chokes up while revealing she ‘lost a friend’ in the LA fires: ‘She didn’t get out in time’,279852850,How to watch NFL Playoffs 2024/25: free live streams and TV channels_ Wild Card Round
2025-01-12,280021066,How to watch the Bills Wild Card game today: Free live stream,279988500,Today’s daily horoscope for January 12_ 2025,280045202,Patriots Hire Mike Vrabel as Head Coach With Multi-Year Agreement: Report,280020390,How to watch Packers vs Eagles in NFL playoff wild card game: Time_ TV channel_ streaming - Detroit Free Press,279972106,NYT Connections today — my hints and answers for Sunday_ January 12 (game #581),279983234,Seoul Confirms Ukraine Captured Two North Korean Soldiers,280037256,Los Angeles wildfires death toll rises as crews fight heavy winds to save homes and landmarks,279975866,President Biden Awards Pope Francis the Presidential Medal of Freedom With Distinction,279983024,Today’s NYT Mini Crossword Clues And Answers For Sunday_ January 12,279974050,Special counsel Jack Smith has resigned after submitting his Trump report_ Justice Department says
2025-01-13,280100838,See all homes sold in Clackamas County_ Jan. 6 to Jan. 12,280205566,Carrie Underwood to perform 'America the Beautiful' at Trump inauguration,280200398,Mike McCarthy Out as Head Coach of Cowboys: Report,280084044,Beyoncé's $2.5 Million Donation to LA Fire Relief Raises Eyebrows Amid Criticism of Her Net Worth,280053834,Blue Origin again scrubs maiden launch of New Glenn rocket,280082648,Confirmation hearings for Trump's Cabinet picks begin this week,280206232,Aileen Cannon Allows Release of Jack Smith's Report on Trump's Jan. 6 Case,280060518,'General Hospital' legend Leslie Charleson passes away at 79,280162038,Magnitude 6.9 earthquake rattles southwestern Japan_ followed by tsunami warnings,280140052,Dynasty Warriors Origins review: a thunderous new beginning
2025-01-14,280244210,Hegseth likely to face tough confirmation hearing for defense secretary role,280261460,Special Counsel Report on Trump Election Case,280250450,Jessica Simpson and Husband Eric Johnson Split After 10 Years of Marriage: 'Painful Situation',280373260,Kate Middleton Reveals She Is in 'Remission' from Cancer: 'It Is a Relief',280364334,Michelle Obama to Skip Trump's Inauguration_ No Reason Given,280254976,Free daily horoscope readings for Tuesday_ January 14_ 2025,280242658,Village People to Perform at Donald Trump’s Inaugural Events,280375966,Trump Says He Wants To Establish ‘External Revenue Service’ To Collect Tariff Money,280263212,Beyoncé postpones big announcement due to California wildfires,280357018,MSNBC President Rashida Jones steps down after four-year tenure
2025-01-15,280435224,South Korean President Yoon Suk Yeol finally arrested after attempt to impose martial law,280427984,SEC sues Elon Musk_ alleging failure to properly disclose Twitter ownership,280552320,Israel and Hamas agree to ceasefire deal to pause Gaza war and release some hostages_ mediators say,280544398,FDA bans red dye No. 3 from foods_ supplements_ and some medicines because of potential cancer risk,280544396,Trump celebrates imminent Israel-Hamas ceasefire_ even though Netanyahu says it’s not done yet— ‘We have a deal for the hostages’,280446670,Today’s daily horoscope for Jan. 15_ 2025,280426964,‘Senator Kaine Got Way Over His Skis’: Tommy Tuberville Reacts To Democrats’ Grilling Of Pete Hegseth At Confirmation Hearing,280510206,Biden to Deliver Farewell Address,280548746,Hostage release details revealed in the Israel-Hamas ceasefire deal,280547326,US government sues Southwest Airlines and fines Frontier for chronically delayed flights
2025-01-16,280813994,Nintendo Switch 2 Officially Announced_ More Details to be Revealed in April,280890964,David Lynch_ 'Blue Velvet' Director_ Dead at 78,280621376,WATCH: Joe Biden delivers a farewell address to the nation,280657290,Blue Origin's New Glenn Rocket Blasts Off In First Launch_ Reaches Orbit,280620520,Father of Israeli-American hostage expected to be released reacts to ceasefire deal,280827220,'Mr. Baseball' Bob Uecker_ Milwaukee Brewers announcer_ dies at 90,280868512,Justin Baldoni Sues Blake Lively And Ryan Reynolds For Defamation_ Extortion,280625008,Biden Warns Of Dangerous 'Oligarchy' In Dark Farewell Speech,280621718,Pam Bondi crushes Dems at confirmation hearing,280730982,Donald Trump's 2025 Inauguration
2025-01-17,281202256,Supreme Court upholds law banning TikTok if it’s not sold by its Chinese parent company,281027938,10 most expensive homes sold in Ocean County_ Jan. 6-12,280961580,Israeli Cabinet to vote on ceasefire with Hamas after delay,281239650,Trump Inauguration Moved Indoors Due to Cold Weather,281089646,Biden sets record for most pardons and commutations with new round of clemency for nonviolent drug offenders,280969276,Justin Baldoni Sues Blake Lively and Ryan Reynolds for Defamation,281122306,Tony Award-winning British actor Joan Plowright_ widow of Laurence Olivier_ dies at 95,281179018,Kristi Noem’s confirmation hearing for Secretary of Homeland Security,281166246,Ozempic_ Wegovy on list for Medicare drug price negotiations,281211986,See all homes sold in North Portland_ Jan. 6 to Jan. 12
2025-01-18,281344148,10 most expensive homes sold in Geauga County_ Jan. 6-12,281390940,Trump Will ‘Most Likely’ Give TikTok 90-Day Extension_ NBC Says - Bloomberg,281318250,DraftKings promo for Chiefs vs. Texans: Bet $5 to get $200 plus more for NFL Divisional Round,281315844,Israel-Hamas cease-fire will go into effect Sunday morning_ mediator Qatar says,281315216,Chiefs vs. Texans Livestream: How to Watch the Playoff Game Online,281327736,Kansas City Chiefs vs. Houston Texans DFS Start ‘Em Sit ‘Em January 18_ 2025,281314458,TikTok to ‘Go Dark’ on Sunday for Its 170 Million American Users,281355916,NYT Connections today — my hints and answers for Saturday_ January 18 (game #587),281332302,DOJ lawsuit accuses Walgreens of filling millions of unlawful prescriptions,281319798,It’s not clear who will lead the Pentagon when Trump takes office. What happens then?
2025-01-19,281532812,TikTok voluntarily shuts down in the U.S. as divest-or-ban law set to take effect,281703472,TikTok Is Restoring Services to the US After Trump Promises A Reprieve,281564216,TikTok goes dark in US as ban takes effect,281512440,Trump arrives in D.C. as days of inaugural celebrations begin,281549642,Commanders_ Jayden Daniels stun top-seeded Lions to reach NFC title game,281575106,How to watch Philadelphia Eagles vs. Los Angeles Rams online,281613810,How to watch Bills vs. Ravens online for free,281615956,Gaza ceasefire deal takes effect; fighting halts after delay,281582146,Deadline passes without Gaza cease-fire as Israel demands a hostage list,281513324,Falcons Hire Former Interim Jets Head Coach Jeff Ulbrich as Defensive Coordinator
2025-01-20,281986652,Ivanka Trump looks stylish in a simple forest green outfit as she arrives before her father Donald’s inauguration.,281825688,Melania Trump launches cryptocurrency ahead of Donald Trump's inauguration,281933492,Donald Trump to be sworn in as the 47th president and more top headlines,281995380,Former head of Planned Parenthood Cecile Richards has died,281955710,Joe Biden Preemptively Pardons Anthony Fauci_ Liz Cheney and Other Possible Trump Targets in Final Hours of Presidency,281830684,See all homes sold in Washtenaw County_ Jan. 13 to Jan. 19,281936576,Biden pardons Fauci_ Milley and Jan. 6 committee to guard against potential ‘revenge’ by Trump,281813994,Dear Annie: Thoughts for Martin Luther King Jr. Day and Election Day,282013776,Sen. John Fetterman arrives in a hoodie and shorts to Trump’s inauguration,282039110,Trump_ in his inaugural address_ rips into the country’s past leaders and makes sweeping promises
2025-01-21,282169442,Ohio State wins 1st national title since 2014_ outlasting Notre Dame 34-23 in CFP championship game,282137928,Trump pardons about 1_500 Jan. 6 defendants,282137322,Trump Signs Executive Order in Attempt to Delay TikTok Ban,282241214,ACLU Lawsuit Targets Trump's Birthright Citizenship Executive Order,282144592,Trump declares U.S. will withdraw from the World Health Organization,282395276,Garth Hudson_ Organist for The Band_ Dies at 87,282129222,President Trump's 2025 inauguration in photos,282225254,Update: Cold weather advisory for Southeast Michigan until Wednesday morning,282152624,Trump’s Day 1 includes executive orders on birthright citizenship_ climate,282163834,Can Trump revoke birthright citizenship?
2025-01-22,282538840,Trump Admin Orders All Federal DEI Office Staff to be on Paid Leave,282514640,President Trump's TikTok Executive Order,282514638,President Donald Trump Pardons Silk Road Founder Ross Ulbricht,282530332,Trump Pardons Libertarian Hero Who Created Dark Web Drug Site,282816930,Jets hire Aaron Glenn to end coaching search,282671404,Prince Harry Agrees To Settle Lawsuit With Rupert Murdoch’s U.K. Tabloids Just Before Trial,282511436,Suspect from Germany named in fatal shooting of American Border Patrol agent in Vermont,282721010,Justice Department directs prosecutors to probe local efforts to obstruct immigration enforcement,282568240,Today’s daily horoscope for Jan. 22_ 2025,282743732,Nine Inch Nails Announce 2025 Tour
2025-01-23,283091594,2025 Oscar Nominations (Updating Live),282956576,Letter to the editor: Birthright citizenship needs another look,283035294,Trump’s Executive Orders,282973116,Teen who killed 3 girls at Taylor Swift-themed dance class in England faces sentencing - The Associated Press,283070896,How to watch the latest Xbox Developer Direct showcase,283111748,Oscar nominations 2025: See the full list of nominees for the 97th annual Academy Awards,282945108,4 San Antonio police officers shot_ wounded by barricaded suspect_ officials say,282896200,The Will Cain Show - Wednesday_ January 22,283124310,Karla Sofía Gascón Makes History as First Openly Trans Oscar-Nominated Actress,282903328,Trump pardons former DC police officers convicted in death of man during deadly pursuit
2025-01-24,283570820,Trump Has Pulled Dr. Fauci’s Security Detail,283593066,Marilyn Manson dodges charges after 4-year investigation into domestic violence and sexual assault allegations,283376044,MLK’s family responds to Trump’s order to declassify assassination files,283505354,Grammy Performers Revealed: Sabrina Carpenter_ Charli xcx_ Chappell Roan_ Billie Eilish_ Benson Boone and More,283285908,Heidi Montag Sues Los Angeles And City Utility Department After Home Is Destroyed By Palisades Fire_ Report Says,283298876,The Will Cain Show - Thursday_ January 23,283303212,Today’s ‘Wordle’ #1315 Hints_ Clues And Answer For Friday_ January 24th,283292564,Trump orders JFK_ RFK_ MLK assassination files declassified: ‘Everything will be revealed’,283345920,Injured Djokovic Retires From Australian Open_ Zverev Advances to Final,283439984,Trump Pardons Anti-Abortion Activists Who Blockaded Clinic
2025-01-25,283675534,Pete Hegseth Confirmed as New Defense Secretary amid Sexual Assault Allegation and Questions About His Past,283772082,Hamas frees four Israeli female soldiers as fragile ceasefire holds in Gaza,283674718,Cowboys pass over Deion Sanders and others_ hire Brian Schottenheimer as next coach,283726482,Senate moving closer to confirming Kristi Noem as the Secretary of Homeland Security under Trump,283706886,Trump Fires 17 Inspectors General in Late-Night Purge,283659086,How to watch Aryna Sabalenka vs. Madison Keys | FREE live stream_ time_ TV_ channel for Australian Open women’s final,283654200,NYT Strands today — my hints_ answers and spangram for Saturday_ January 25 (game #328),283707732,Australian Open women's final: Aryna Sabalenka eyes a third straight title against Madison Keys - The Associated Press,283676794,49ers to Bring Back Robert Saleh as Defensive Coordinator,283664820,‘Walk It Out’ rapper DJ Unk dead at 43: ‘Our life will never be the same’
2025-01-26,283947254,Trump wants to ‘just clean out’ Gaza_ send refugees elsewhere,284045484,Commanders vs. Eagles: NFC Championship preview_ prediction_ what to watch for,284054926,Sinner rolls to 2nd straight Australian Open title,284034918,South Korea’s President Yoon Is Indicted,283975214,Southern California rain helps firefighters but creates risk of toxic ash runoff - The Associated Press,284028840,How to watch Kansas City Chiefs vs. Buffalo Bills online,283989336,Timothée Chalamet makes fun of awards show losses_ performs Bob Dylan songs on ‘SNL’,284141280,Trump announces immediate retaliation against Colombia after socialist president turns back US deportation flights,283962122,Linda Black horoscopes for Jan. 26_ 2025,284074472,Commanders vs. Eagles: Final Odds_ Spread Picks for NFC Championship Game 2025
2025-01-27,284196878,Taylor Swift wraps mom in hug as Chiefs score touchdown against Bills in AFC Championship game,284259016,World Marks 80th Anniversary Of Auschwitz Liberation,284393176,Big tech stocks in freefall as Chinese AI startup DeepSeek triggers panic selloff on Wall Street,284206086,Kansas City Chiefs Will Face the Philadelphia Eagles in the 2025 Super Bowl in Rematch of Kelce Bowl,284203248,Empire State Building Apologizes After Celebrating Eagles NFC Championship Win,284256622,White House says Colombia agrees to take deported migrants after Trump tariff threat,284435038,What Time Does ‘The Bachelor’ Season 29 Premiere? Here’s How To Watch,284212886,Taylor Swift_ Travis Kelce Celebrate as Chiefs Advance to Super Bowl,284354344,Rain in Southern California creates mudflows but helps firefighters - The Associated Press,284198918,NYT Connections today — my hints and answers for Monday_ January 27 (game #596)
2025-01-28,284575624,White House pauses all federal grants_ sparking confusion,284550474,Google Renames the Gulf of Mexico After Trump’s Executive Order,284600290,Trump signs executive orders to reshape military_ transgender troops_ missile defense,284588096,Trump says Microsoft in talks to acquire TikTok,284547824,Justin Baldoni appears to be heard apologizing to Blake Lively in voice note over ‘It Ends With Us’ rooftop scene: ‘I f–ked up’,284752524,Trump is pausing federal loans and grants as his administration reviews spending,284762778,Trump administration to hold first White House press conference with Karoline Leavitt,284551244,Justin Baldoni and Blake Lively Could Go to Trial in March 2026,284831182,Caroline Kennedy warns senators of ‘predator’ RFK Jr. in searing letter,284550258,NYT Connections today — my hints and answers for Tuesday_ January 28 (game #597)
2025-01-29,285124728,RFK Jr has NFL star Aaron Rodgers' full support ahead of confirmation hearing,284930714,White House's Stephen Miller condemns 'false' narrative by media about federal aid freeze,284926006,Trump Offers Buyouts to Federal Employees Resisting In-Person Work - Bloomberg,284967846,Today’s daily horoscope for Jan. 29_ 2025,285016768,Trump plans to sign the Laken Riley Act into law as his administration's first piece of legislation,285140786,Meg Ryan and Billy Crystal Recreate the Iconic Fake Orgasm Scene from “When Harry Met Sally” for Hellmann's 2025 Super Bowl Ad (Exclusive),284922118,NYT Connections today — my hints and answers for Wednesday_ January 29 (game #598),284953118,Temple student dies after falling from pole during Eagles celebration,284926846,Federal judge temporarily blocks Trump's federal funds freeze,285199416,DOJ seeks to dismiss classified documents case against Trump's former co-defendants
2025-01-30,285469610,Marianne Faithfull_ ‘As Tears Go By’ Singer Who Infused Dramatic Depth in Pop_ Dead at 78,285253644,Figure Skaters Among Passengers on Plane That Crashed Outside Washington D.C.,285282488,Today’s daily horoscope for January 30_ 2025,285252762,Everyone aboard an American Airlines jet that collided with an Army helicopter is feared dead,285261802,Trump's FBI director pick_ Kash Patel_ faces confirmation hearing,285464592,Forza Horizon 5 is the latest Xbox game to make the leap to PS5_ and it's launching this spring with all of the same content and DLC,285287498,The Latest: Passenger jet and helicopter collide at DC’s Reagan National Airport,285267994,‘Squid Game’ Final Season Sets Release Date_ Netflix Reveals First Look,285276876,Tulsi Gabbard_ Trump’s pick to oversee US spy agencies_ will face grilling at confirmation hearing,285282446,Hamas frees 8 more hostages as Gaza truce holds
2025-01-31,285592432,Today’s daily horoscope for January 31_ 2025,285758932,Trump’s tariffs on Canada_ Mexico could start Saturday: What it means for us from avocados to autos,285554480,FDA Approves Non-Opioid Painkiller With No Addiction Risk,285557066,Dick Button_ Olympic great and voice of figure skating_ dies at 95,285556524,Taylor Swift to Present at Grammy Awards,285761500,Chuck Todd to Exit NBC News,285550336,Takeaways from Tulsi Gabbard_ Kash Patel confirmation hearings,285557444,Blake Lively_ Ryan Reynolds Aim to Dismiss Justin Baldoni’s $400M Defamation Suit,285557108,Examining the D.C. plane crash_ recovery efforts and the investigation,285554574,Doug Burgum confirmed as interior secretary with support from Democrats
2025-02-01,285893364,Small Plane Crashes In Northeast Philadelphia,286056590,Canada_ Mexico and China Brace for Trump’s Tariffs,285890874,NYT Strands today — my hints_ answers and spangram for Saturday_ February 1 (game #335),286048562,Costco_ Teamsters avoid strike as tentative agreement reached,286110698,Trump says he ordered airstrikes on ISIS leaders in Somalia,285918004,Eaton and Palisades Wildfires Are Fully Contained,285898952,Kudlow - Friday_ January 31,285902960,Venezuela Releases Six US Prisoners After Trump Envoy’s Visit - Bloomberg,286102572,US conducts airstrikes against Islamic State operatives in Somalia,285949670,Today’s daily horoscope for Feb. 1_ 2025
2025-02-02,286194936,Lakers Land Luka Doncic in Blockbuster Trade With Mavericks For Anthony Davis,286286812,WATCH LIVE: Groundhog Day 2025 prediction: See if Punxsutawney Phil says more winter or early spring,286221038,Beyoncé Announces Cowboy Carter Tour 2025 — Without Tour Dates,286278552,How to watch the 2025 Pro Bowl Games online,286202588,Luka Doncic traded to Lakers in stunning blockbuster move,286189682,Winter storm warning for Jackson County for Sunday and Monday – up to 12 inches of snow,286159870,WWE News: Alexa Bliss Returns at Royal Rumble,286271896,'It doesn't have to be this way': Canada_ Mexico and China respond to Trump's tariffs,286165856,Army releases name of 3rd soldier who died in helicopter and airliner crash,286186346,Trump imposes tariffs on Canada_ Mexico_ and China
2025-02-03,286428504,Beyoncé Wins Best Country Album for Cowboy Carter at 2025 Grammys,286426814,Dave Portnoy has savage reaction to Bianca Censori’s shockingly bare Grammys 2025 appearance with Kanye West,286657220,Trump pauses tariffs on Mexico for 1 month,286621344,Interview: Civilization 7 Will 'Break People Out of Their Comfort Zone',286503270,Beyoncé Announces Cities for ‘Cowboy Carter’ Tour,286672152,‘Kingdom Come: Deliverance 2’ Is a Complex Yet Frustrating Medieval Simulator,286458900,Today’s daily horoscope for February 3_ 2025,286698144,Donald Trump Orders Start of a Sovereign Wealth Fund: What To Know,286594534,USAID staffers are instructed to stay out of the agency’s Washington headquarters - The Associated Press,286445216,Kendrick Lamar Wins Record of the Year for “Not Like Us” at 2025 Grammys
2025-02-04,287029974,Guide: How To Play Dice in Kingdom Come Deliverance 2,286811138,Rubio says El Salvador has offered to accept deportees from US of any nationality,286931774,RFK Jr.’s Nomination Faces Critical Vote by Senate Finance Committee,286962632,Michael Jordan's Son Arrested For Cocaine Possession_ Resisting Arrest,287040964,5 Kingdom Come: Deliverance 2 Beginner Tips For Escaping the Peasant Life,287029972,Guide: Easy Early Money Farm in Kingdom Come Deliverance 2,287049152,Tiger Woods announces the death of his mom_ Kultida: ‘Force of nature’,286819282,Trump to pause Canada tariffs for at least 30 days as China levies set to take effect on Tuesday – live,286799708,Saquon Barkley's interview with Peter Schrager | Super Bowl LIX Opening Night,286977780,The Fantastic Four: First Steps Trailer Shows Off Galactus
2025-02-05,287165834,USPS temporarily suspends accepting packages from China and Hong Kong,287153180,Senate confirms Pam Bondi as attorney general,287147236,Trump Says U.S. Will ‘Take Over’ Gaza Strip: ‘We’ll Own It’,287413664,Another Federal Judge Rebukes Trump's Birthright Citizenship Order,287263112,Report: Bucks ‘Close’ To Trading Khris Middleton To Wizards For Kyle Kuzma,287192740,Trump to Sign Executive Order Banning Trans Athletes from Women's Sports,287155102,Trump Proposes U.S. Control of Gaza,287276282,Trump Admin Puts Almost All USAID Workers Worldwide on Leave,287158690,Trump's Plan To 'Take Over The Gaza Strip' Draws Sharp Reactions Across Globe_ Political Spectrum,287179536,Trump’s Wild Plan for Gaza
2025-02-06,287530512,Warriors trade for Jimmy Butler_ who will reportedly sign two-year contract extension,287520302,Trump signs executive order barring transgender athletes from girls’_ women’s sports,287530070,Federal judge issues injunction on birthright citizenship_ putting it further on hold,287797528,Bears Owner Virginia McCaskey Dies at 102,287564910,Today’s daily horoscope for February 6_ 2025,287557276,Adams makes another last-minute trip to DC to attend prayer breakfast where Trump will deliver remarks,287543672,NYT ‘Strands’ Today: Hints_ Spangram And Answers For Thursday_ February 6th,287733562,PlayStation Reveals Metal Gear Solid Delta: Snake Eater PS5 Release Date By Accident,287543996,Irv Gotti_ Co-Founder of Murder Inc. Records_ Dies at 54,287812956,Judge pauses Trump federal employee buyout offer pending court hearing
2025-02-07,287937342,Today’s daily horoscope for February 7_ 2025,288026138,Menominee County under a winter weather advisory Saturday and Sunday – up to 4 inches of snow,287912498,Jayden Daniels_ Jared Verse named Offensive_ Defensive Rookies of the Year,287982964,What to wear to watch the Super Bowl,287909480,Patrick Surtain II is named 2024 AP Defensive Player of the Year -- celebrate the milestone with a new jersey,288092678,US Jobs Report Shows Economy Added 143_000 Jobs In January,287909522,NYT ‘Strands’ Today: Hints_ Spangram And Answers For Friday_ February 7th,287915788,The Five - Thursday_ February 6,287898304,Senate confirms Russell Vought to return as head of Trump’s Office of Management and Budget,288037198,At least 2 killed after small plane crashes on busy street in Brazil
2025-02-08,288258464,The PlayStation Network is down,288249732,Trump fires Kennedy Center board members citing drag shows_ appoints himself chairman,288318588,Hamas to free 3 more Israeli hostages for dozens of Palestinian prisoners under Gaza ceasefire,288243932,President Trump says he's revoking Biden's security clearance_ ending intelligence briefings,288246882,Why Chelsea Handler Just Thanked Blake Lively and Justin Baldoni,288391968,Judge Halts DOGE Access to Treasury Payment Systems,288251936,19 states sue to stop DOGE from accessing Americans’ personal data,288441032,Jauron_ former Bears_ Bills head coach_ dies at 74,288266150,Missing plane found crashed on Alaska sea ice_ all 10 aboard died,288252038,Tony Roberts_ ‘Annie Hall’ Actor and Broadway Star_ Dies at 85
2025-02-09,288525124,What Time Is 2025 Puppy Bowl? How To Watch On Cable And Streaming,288537890,Lakers' trade for Hornets' Mark Williams rescinded over reported issues with physical,288578132,How to Watch Super Bowl LIX Abroad: Live Stream Eagles vs Chiefs from Anywhere,288522058,USGS: 7.6 magnitude earthquake shakes the Caribbean southwest of Cayman Islands,288519166,Super Bowl LIX MVP Expert Predictions For Eagles vs Chiefs,288580750,UFC 312: Dricus Du Plessis Outworks Sean Strickland For Dominant Victory In Title Rematch,288719434,Jets are 'moving on' from Aaron Rodgers — Jay Glazer reports | FOX NFL Sunday,288640330,Super Bowl 2025: The Kansas City Chiefs take on the Philadelphia Eagles in New Orleans,288551450,NYT Connections Sports Edition today: Hints and answers for February 9,288517450,How to watch Ohio State women’s basketball vs. USC (2/8/25) online without cable | FREE LIVE STREAM for Big Ten game
2025-02-10,288781522,Every song on Kendrick Lamar's Super Bowl halftime show setlist,288802716,Kendrick Lamar headlines Super Bowl 2025 halftime show,288773754,Jon Hamm introduces the Kansas City Chiefs at the Super Bowl,288775770,Taylor Swift Booed by Fans at Super Bowl 2025,288806692,Trump says he will announce 25% steel and aluminum tariffs Monday,288798702,The best Super Bowl commercials of 2025,288808760,Patrick Mahomes Says He’s Not Sure If Travis Kelce Will Return to Chiefs Next Season After 2025 Super Bowl Loss,288795266,Trump says he has instructed US Treasury to stop minting new pennies: 'This is so wasteful!',289022940,Trump says no right of return for Palestinians in Gaza under his plan for US ‘ownership’,289036780,Hamas Suspends Next Hostage Release
2025-02-11,289135074,DOJ tells prosecutors to drop case against NYC Mayor Eric Adams,289381452,Bannon pleads guilty in "We Build the Wall" donor fraud case,289153018,Google changed the Gulf of Mexico to the Gulf of America on Maps,289381460,Canned tuna sold by major U.S. grocers recalled over botulism concerns,289162862,Plane Owned by Mötley Crüe’s Vince Neil Involved in Fatal Crash,289152392,Trump imposes 25% tariffs on steel_ aluminum imports,289158656,Hegseth renames Fort Liberty back to Fort Bragg,289140592,Kudlow - Monday_ February 20,289137402,Arizona Plane Crash: Here’s What We Know As Jets Collide At Scottsdale Airport,289139864,Trump issues Gaza ceasefire ultimatum to Hamas as he warns ‘all hell is going to break out’ if hostages not returned
2025-02-12,289554414,Monty the Giant Schnauzer Wins Best in Show at the 2025 Westminster Dog Show,289654368,Chubby Checker_ Phish and Outkast Among Rock Hall Nominees,289520880,Why Tulsi Gabbard will likely be confirmed as director of national intelligence,289796106,Trump speaks with Putin_ says talks to end Ukraine war will begin "immediately",289550326,Russia releases imprisoned American teacher Marc Fogel,289834608,Fighter jet crashes into San Diego Harbor_ 2 pilots rescued: Fire officials,289669494,India’s inflation cools to lower-than-expected 4.31% in January,289708504,Pete Hegseth makes first visit to NATO with allies impatient to hear about US plans for Ukraine,289639824,Anthony Mackie carries the shield in 'Captain America: Brave New World',289834898,R. Kelly’s sex trafficking convictions and 30-year prison term upheld by federal appeals court
2025-02-13,290029886,Senate to hold final vote on RFK Jr nomination to serve as Trump's Health secretary,290060090,Hamas says it will release Israeli hostages as planned amid fears over collapse of ceasefire,290097686,Donald Trump Announces 'Reciprocal Tariffs',289938002,What Alex Bregman reportedly signing with Red Sox means for Cubs,289897642,Today’s ‘Wordle’ #1335 Hints_ Clues And Answer For Thursday_ February 13th,290174848,More than 1 million Igloo coolers recalled after fingertip amputations,289912528,Woman Gives Birth to Baby Girl on NYC Subway,290061290,Elon Musk Threatens to Double Down and ‘Delete Entire Agencies’,290066428,Elon Musk said he'll drop $97.4 billion OpenAI bid if it remains a nonprofit,290151820,Ben Affleck and Jon Bernthal reunite in action-packed The Accountant 2 trailer
2025-02-14,290297400,Apple_ Google restore TikTok to their app stores,290445044,Pope Francis taken to hospital for bronchitis treatment,290527546,WATCH LIVE: Philadelphia Eagles Super Bowl parade,290392388,Winter weather advisory issued for Luce and Schoolcraft counties until Saturday evening – up to 6 inches of snow,290405314,Ukraine reports Russian drone attack on Chernobyl power plant: Protective shield against radiation is compromised – IAEA monitors for potential harmful radiation release,290354086,Today’s daily horoscope for Feb. 14_ 2025,290317292,Judge orders Trump administration to temporarily allow funds for foreign aid to flow again,290361970,Igloo recalls over a million coolers after handle hazard causes fingertip amputations,290284868,Issa Rae cancels sold-out event at Kennedy Center after Trump takeover,290452312,3 senior U.S. prosecutors resign over order to drop NYC Mayor Adams corruption case
2025-02-15,290682602,NYT Strands hints_ answers for February 15,290715512,Today’s daily horoscope for February 15_ 2025,290760730,Hamas set to free 3 Israeli hostages in exchange for 300 prisoners,290660060,Kudlow - Friday_ February 14,290658050,Carmelo Anthony_ Dwight Howard_ ‘Redeem Team’ named Naismith Hall of Fame finalists,290665476,Jay-Z responds to dismissal of lawsuit accusing him and Sean Combs of rape: 'Today is a victory',290677466,DOJ files motion to dismiss charges in Mayor Eric Adams' case,290853286,How to watch Duke tonight: Time_ TV channel_ free live stream,290668294,How to watch Leicester City vs. Arsenal - Premier League (2/15/25) | Channel_ stream_ preview,290658912,How To Watch ‘SNL50: The Homecoming Concert’
2025-02-16,290951282,Mac McClung Makes NBA All-Star History_ Completes Three-Peat in Slam Dunk Contest,290943506,How to Watch the ‘SNL’ 50th Anniversary Special: Where It’s Streaming,291119796,Box Office: ‘Captain America: Brave New World’ Flies to Heroic $100 Million Over Presidents Day Holiday Weekend,290944852,Fans React to Thrilling NBA All-Star 3-Point Contest,290938918,Victor Wembanyama_ Chris Paul Disqualified From NBA All-Star Skills Challenge,291163064,Shakira Hospitalized for Abdominal Issue_ Forced to Postpone Concert,290941680,Elon Musk’s Daughter Learned About Her New Sibling via Reddit,290930772,At least 15 dead in crush at New Delhi train station as crowds head for religious festival_ Indian media reports,290953952,Michigan State rallies on road to deliver Tom Izzo Big Ten record,290944262,NYT Mini Crossword Today: Clues And Answers For Sunday_ February 15
2025-02-17,291525240,Delta plane flips over while landing in Toronto from Minneapolis,291412670,Trump begins firings of FAA air traffic control staff just weeks after fatal DC plane crash,291201748,Blake Lively and Ryan Reynolds Attend ‘SNL 50’ in First Red Carpet Appearance Together Amid Legal Battle Against Justin Baldoni,291363034,Happy Not My President's Day [Cool],291482896,Paquita la del Barrio_ famed Mexican singer and songwriter_ dies at 77,291413778,Kamala Harris to Receive Chairman’s Award at NAACP Image Awards,291217346,Aubrey Plaza makes first appearance since husband Jeff Baena’s death at ‘SNL 50’ special,291203592,LeBron James Will Sit Out All-Star Game For First Time In 20 Years Due To Ankle Injury,291293886,Rubio arrives in Saudi Arabia before Russia talks to end Ukraine war,291203594,Mavericks Assistant Coach Darrell Armstrong Arrested_ Faces Aggravated Assault Charges
2025-02-18,291796142,Like A Dragon Pirate Yakuza in Hawaii Review,291643530,Top Russian and US officials are set to hold talks on Ukraine war without Kyiv - The Associated Press,291581720,Delta plane flips upside down on landing at Toronto airport,291703656,Lost Records: Bloom & Rage (Tape One) review – go back to a riot grrrl summer in clever teen thriller,291790966,Hamas says it will free 6 living Israeli hostages on Saturday and four bodies before then,291586742,NYT Mini Crossword Today: Clues And Answers For Tuesday_ February 18,291768082,Delta jet flips upside down on a snowy Toronto runway and all 80 aboard survive,291805634,US_ Russia agree to work towards improving ties and ending war in Ukraine,291843792,Where to watch Bayern vs. Celtic Champions League match,291597674,What We Know About the Toronto Plane Crash
2025-02-19,291941504,A$AP Rocky Acquitted at Gun Assault Trial,292045204,Zelenskyy to hold press conference after Trump suggests Ukraine to blame for Russian invasion – Europe live,292254286,1 dead in Arizona small plane collision,291955216,Tens of millions of dead people aren’t getting Social Security checks_ despite Trump and Musk claims,291979364,Today’s daily horoscope for February 19_ 2025,292091054,Blake Lively Alleges Justin Baldoni Made Two Other ‘It Ends With Us’ Actors ‘Uncomfortable’ on Set and They Will Testify at Trial,291958456,Today’s ‘Wordle’ #1341 Hints_ Clues And Answer For Wednesday_ February 19th,291934282,Howard Lutnick Confirmed as Trump’s Commerce Secretary,291944478,Nicole Kidman and Keith Urban's Home Burglarized on Valentine’s Day,292150328,Embattled EV maker Nikola files for Chapter 11 bankruptcy protection
2025-02-20,292427030,Hamas to Hand Bodies of 4 Hostages Back to Israel,292495534,Senate Pushes Toward Confirmation of Kash Patel as FBI Director,292603024,Sen. Mitch McConnell announces he won't seek reelection in 2026,292342842,Delta Offers $30_000 Each To Toronto Plane Crash Passengers,292621622,Victor Wembanyama Out For Remainder Of Season Due To Blood Clot,292538530,Senate to vote on Kash Patel to lead FBI,292547942,James Bond Shake-Up: Amazon Takes Creative Control of Franchise From Broccoli Family In New Deal,292531208,Luis Rubiales Found Guilty of Sexual Assault for Kissing Jennifer Hermoso,292331366,Kudlow - Wednesday_ February 19,292347598,Appeals court declines to lift block on Trump's birthright citizenship order
2025-02-21,292742686,Canada beats US to win 4 Nations Face-Off in overtime thriller,292840624,Luigi Mangione set for first court appearance since his arraignment in UnitedHealthcare CEO’s death,292934372,Jerry 'The Iceman' Butler of The Impressions dead at 85; singer became a politician in Chicago,292996636,Voletta Wallace_ Notorious B.I.G.'s Mother_ Dies at 72,292704718,Grimes publicly urges Elon Musk to respond to child’s mysterious ‘medical crisis’,293030642,N.J. man accused of trying to kill author Salman Rushdie found guilty of attempted murder,292731546,4 Nations anthem singer intentionally changed ‘O Canada’ lyrics over Trump’s 51st state comments,293049362,Ex-Proud Boys leader Enrique Tarrio arrested near Capitol on assault charge after press conference,292742766,Peter Jason_ ‘Deadwood’ Actor_ Dies At 80,292721664,Meta approves bonuses of up to 200% of company executives' salaries amid layoffs
2025-02-22,293080462,Trump fires Gen. Charles Q. Brown as chair of the Joint Chiefs of Staff,293299970,Vatican says Pope Francis is in critical condition,293130558,Today’s daily horoscope for Feb. 22_ 2025,293166372,Hamas releases one of the six Israeli hostages in a tense exchange_ while the body of murdered Shiri Babas is finally returned to her family after a tragic mix-up.,293141868,Lynne Marie Stewart_ Miss Yvonne from ‘Pee-wee’s Playhouse_' Charlie’s mom from ‘Always Sunny_’ dies at 78,293080460,Judge blocks Trump's executive order ending federal support for DEI programs,293260262,2 police officers killed during traffic stop in Virginia Beach,293079558,Jennifer Lopez and Ben Affleck are officially divorced and single,293081700,NYT ‘Strands’ Today: Hints_ Spangram And Answers For Saturday_ February 22nd,293108742,George Armitage_ ‘Grosse Pointe Blank’ and ‘Miami Blues’ Director_ Dies at 83
2025-02-23,293426798,‘Critical’ Pope Francis had ‘tranquil’ night in hospital_ Vatican says,293450540,German election 2025 live updates: Germany goes to the polls,293359060,Israel indefinitely delays release of 620 Palestinian prisoners after Israeli hostages freed,293353848,Spurs HC Gregg Popovich Won't Return This Season_ Future Uncertain,293471544,Kylie Jenner’s close friend and hair expert_ Jesus Guerrero_ tragically passes away at the age of 34 in a sudden and unexpected manner.,293351504,2025 Indie Spirit Awards: See the Complete List of Winners,293392248,Today’s daily horoscope for Feb. 23_ 2025,293460182,MSNBC Cancels Joy Reid’s Show in Major Shake-Up,293356414,Police Officer Killed_ Gunman Dead and Multiple People Injured Following Hostage Situation at Pennsylvania Hospital,293499098,How to watch the 2025 Ambetter Health 400 - NASCAR Cup Series | Channel_ stream_ preview
2025-02-24,293631574,Trump Taps Dan Bongino For FBI Deputy Director,293849628,Roberta Flack_ singer of 'Killing Me Softly_' has died at age 88,293852338,Review: Monster Hunter Wilds Splits the Difference Between Rise and World – For Better and For Worse,293863858,Lester Holt is stepping down as anchor of 'NBC Nightly News' after a decade,293838100,Wu-Tang Clan Announce Final Tour,293814356,Elon Musk’s ‘What Did You Do Last Week?’ Email to Federal Workers Ignites New Fear and Resistance,293743410,Foreign leaders visit Ukraine to show their support on war’s 3rd anniversary,293716666,Pope is resting on 10th day of hospitalization after early stages of kidney failure detected,293676174,Today’s daily horoscope for Feb. 24_ 2025,293893988,Clint Hill_ Secret Service Agent Who Risked His Life to Protect JFK_ Dies at 93
2025-02-25,294215554,Supreme Court throws out Oklahoma man’s murder conviction and death sentence,293979266,NYT Connections today hints and answers — Tuesday_ February 25 (#625),294215552,Apple shareholders not expected to scrap diversity programs despite broader backlash,294234494,Federal technology staffers resign rather than help Musk and DOGE,294023680,Today’s daily horoscope for February 25_ 2025,294215166,Commanders give 2-time Pro Bowler permission to seek trade,294252886,Fable Delayed To 2026_ New Gameplay Shown Off,294241450,Ayo Edebiri to Write and in Talks to Star in ‘Barney’ Live-Action Movie From A24_ Mattel and Daniel Kaluuya,294067826,Jon Stewart slices open his hand on “The Daily Show”: 'I'll be going to the hospital',294117970,Pope Francis ‘slept well’ through night but remains in critical condition
2025-02-26,294635520,Passing of Michelle Trachtenberg at Age 39: Known for Roles in ‘Buffy The Vampire Slayer_’ ‘EuroTrip_’ and ‘Gossip Girl’,294571468,Musk to Attend Trump’s First Cabinet Meeting; House Committee Hearing on How Foreign Aid Hurts US Interests,294587852,First measles death is reported in the West Texas outbreak that’s infected more than 120 people,294620894,Child dies after contracting measles in Texas_ officials say,294490340,Apple to fix iPhone dictation bug that replaces word ‘racist’ with ‘Trump’,294404848,Today’s daily horoscope for February 26_ 2025,294615460,Jeff Bezos’ Next Big Washington Post Move: Opinion Pages Pivot to “Personal Liberties_ Free Markets”,294595542,American Airlines flight aborts landing at DC’s Reagan Airport in near-miss with departing plane in latest aviation mishap,294411752,Luka Doncic Drops Triple-Double On Mavericks In First Reunion Game Since Shocking Trade To Lakers,294351732,NYT Connections today hints and answers — Wednesday_ February 26 (#626)
2025-02-27,294849052,Gene Hackman_ Oscar-Winning ‘Unforgiven’ and ‘French Connection’ Actor_ Dead at 95,294914098,'Hoosiers' star Hackman found dead at age 95,294907508,How long is Monster Hunter Wilds?,294954974,Gayle King heading to space as part of Blue Origin's historic crew,294751382,Trump seeks Supreme Court stay on foreign aid midnight payment deadline,294782136,Today’s daily horoscope for February 27_ 2025,294840894,Legendary actor Gene Hackman_ wife and dog found dead inside New Mexico home: police,294839578,Keweenaw County under a winter storm watch Friday and Saturday – up to 9 inches of snow,294735462,FDA cancels meeting to select flu strains for next season's shots,294907520,How to capture monsters in Monster Hunter Wilds and use traps
2025-02-28,295137844,7 things to do first in Monster Hunter Wilds,295344346,Trump to sign order making English the official U.S. language,295398480,Trump shouts at Zelenskyy as he and Vance berate Ukrainian leader as ‘disrespectful’,295164524,Today’s daily horoscope for February 28_ 2025,295109804,Judge finds mass firings of federal probationary workers to likely be unlawful,295303730,Trump scheduled to have a meeting with Zelenskyy; the issue of freezing foreign aid is being brought to the attention of the Supreme Court,295134676,NYT ‘Strands’ Today: Hints_ Spangram And Answers For Friday_ February 29th,295436306,Landlord Convicted in Hate Crime Stabbing of 6-Year-Old Palestinian American Boy,295233252,Ukrainian President Volodymyr Zelenskyy to meet President Trump Friday,295250452,Is the price of eggs being raised by egg producers during the bird flu crisis to increase their profits?
2025-03-01,295674964,David Johansen_ singer from seminal punk band the New York Dolls_ dies at 75,295691250,Former Gov. Andrew Cuomo Announces Bid For New York City Mayor,295665086,FddEx cargo plane makes emergency landing in Newark after bird strike,295478952,NYT Connections today hints and answers — Saturday_ March 1 (#629),295545066,Federal workers get a new email demanding their accomplishments,295609292,Trump says he will pardon late baseball great Pete Rose who was banned from sport over gambling,295525694,WWE Elimination Chamber 2025 live stream: How to watch wrestling online_ start time_ match card_ TV channel,295561660,Kurdish militants declare ceasefire in 40-year insurgency in Turkey,295520668,Daily horoscopes for March 01_ 2025,295509488,Wordle today: Answer_ hints for March 1_ 2025
2025-03-02,295753090,Trump signs executive order making English the official language of the U.S.,295854536,Private lunar lander Blue Ghost touches down on the moon with a special delivery for NASA,295881944,Israel cuts off Gaza aid to pressure Hamas to accept new cease-fire proposal,295763364,Blackhawks trade Seth Jones to Panthers_ acquire potential goalie of future in Spencer Knight,295749882,49ers reportedly agree to trade Deebo Samuel to Washington Commanders,295773376,Wildfires in the Carolinas Prompt Evacuations,295771740,NYT Strands hints_ answers for March 2,295768322,WWE Elimination Chamber 2025 Results: John Cena Ends Losing Streak With Historic Win,295753780,Harrison Ford diagnosed with shingles_ steps down as presenter at 2025 Oscars: report,295984728,Madison_ Chalamet_ Deadwyler and more: The Oscars red carpet is sure to include some stunners
2025-03-03,296009442,Oscars 2025 Winners And Where They Are Streaming: Full List With Live Updates,296040952,‘Anora’ Star Mikey Madison Upsets Demi Moore for Best Actress at Oscars 2025,296042490,Sean Baker wins best director Oscar for ‘Anora’,296024294,Zoe Saldaña sweeps award season as she wins best supporting actress at Oscars 2025 for ‘Emilia Pérez’,296038518,2025 Oscars In Memoriam Snubs: Where Were Michelle Trachtenberg_ Shannen Doherty & More?,296014950,Oscars: Ariana Grande_ Cynthia Erivo Defy Gravity With Dynamic Opener,296201024,Kroger CEO resigns after board investigation into his 'personal conduct',296263636,“Robert Crimo III Enters Guilty Plea in Highland Park 4th of July Parade Shooting Case”,296246670,How to get the Monster Hunter Wilds Hunter Symbol 3,296037708,‘I’m Still Here’ from Brazil wins Oscar for best international film
2025-03-04,296367684,Trump Halts US Aid to Ukraine After Fiery Clash with Zelensky: Report,296370560,Carl Dean_ Dolly Parton’s Husband_ Dies at 82,296375266,Trump's tariffs on Canada and Mexico to take effect in hours,296412296,Tariffs_ Ukraine_ Surprises: What to Watch for in President Trump’s Address to Congress,296428414,Trump prepares to address joint session of Congress,296597074,Tony Hawk's Pro Skater 3 + 4 Release Date Leaks Ahead Of Reveal,296382834,Orange County scores and player stats for Monday_ March 3,296558610,Supreme Court to Consider Mexico’s Lawsuit Against U.S. Gun Makers,296454860,Mavericks star Kyrie Irving suffers left knee sprain,296538832,Trump Trade War: How China_ Canada_ Mexico Are Planning To Retaliate Against Tariffs
2025-03-05,296771188,Trump Speech Interruption: Democratic Rep. Al Green Removed From Chamber,296774896,Raucous start as President Donald Trump addresses joint session of Congress,296754382,What Trump is expected to say in his address to Congress,297002324,Divided Supreme Court rejects Trump administration’s foreign aid freeze,297005380,Trump 2nd term live updates: Ukraine officials say US has paused intelligence sharing,296818780,President Donald Trump addresses raucous joint session of Congress,296788024,Trump promises to keep up ‘swift and unrelenting action’ in speech to Congress,296756414,Andrew Tate and Brother Tristan Are Under Criminal Investigation in Florida: Attorney General,297084492,Tom Llamas Tapped to Replace Lester Holt as “NBC Nightly News ”Anchor. What to Know About NBC's Rising Star,297005396,Rep. Sylvester Turner Dies Aged 70
2025-03-06,297173020,Draft of Trump order seeks to eliminate Department of Education: report,297374810,House to vote on censuring Rep. Al Green for outburst during Trump speech,297212146,South Korean fighter jet accidentally drops bombs during training_ reportedly injuring 7 people,297440012,‘Deeply saddened’ David Hasselhoff speaks out following ex-wife Pamela Bach’s death by suicide,297388192,What troops need to know about life insurance in 2025,297424478,Trump delays tariffs on most goods from Mexico for a month,297163330,Jazz Great Roy Ayers_ Best Known For ‘Everybody Loves The Sunshine_’ Has Died At Age 84,297267610,Glastonbury Festival: Olivia Rodrigo_ The 1975 & Doechii Among New Lineup Additions,297275976,EU leaders to hold emergency summit on Ukraine support_ Russian threats to continent,297359580,Day 1_107 of WW3. Congresswoman accurately describes Cheetolini's relationship with Pooty-Poot. Proving her correct_ US stops intelligence data sharing with Ukraine_ and Rubio parrots Kremlin talking points. This is your Thursday Ukraine War thread [News]
2025-03-07,297843828,Trump administration cancels $400 million worth of grants and contracts to Columbia University,297736874,Here's what to know about the Education Department_ from loans to FAFSA,297869800,Gene Hackman_ wife’s cause of death revealed as sheriff reveals possible timeline,297712026,Dolly Parton releases new song dedicated to late husband Carl Dean: ‘You always see the best of me’,297554882,War heroes_ military firsts among 26_000 images flagged in DEI purge,297543002,SpaceX’s latest Starship test flight ends with another explosion,297603272,South Korean court orders impeached president released from jail,297787374,Trump threatens sanctions on Russia_ demands peace after major hits in Ukraine,297827500,Maple Leafs making Scott Laughton trade with Flyers,297530184,SpaceX loses contact with spacecraft during latest Starship mega rocket test flight
2025-03-08,297987024,At least 12 injured in shooting at pub in Toronto_ police says,297899934,A South Carolina man executed by firing squad is the first US prisoner killed this way in 15 years,297937176,One Newark police officer killed_ another ‘fighting for their life’ after shootout with 14-year-old: reports,298087706,Chiefs Rookie Star Xavier Worthy Arrested for Criminal Assault,297904388,NYT Connections today hints and answers — Saturday_ March 8 (#636),297911146,How to watch Nottingham Forest vs. Manchester City - Premier League (3/8/25) | Channel_ stream_ preview,297911550,Maxx Crosby’s instant reaction to Raiders’ trade for Geno Smith,297978976,Nikola Jokic posts historic 30-20-20 game as Nuggets outlast Suns in overtime thriller,297903542,What To Know About Hantavirus—The Rare Mouse-Borne Virus That Killed Gene Hackman’s Wife Arakawa,298008100,UFC 313 live stream — how to watch Pereira vs Ankalaev online from anywhere_ full card
2025-03-09,298294894,Secret Service Shoot 'Suicidal' Armed Man Near White House,298179866,Police decide Xavier Worthy’s fate after KC Chiefs player’s arrest for ‘strangulation’ charge,298220742,LeBron exits with left groin injury; Lakers lose,298193394,NYT Connections today hints and answers — Sunday_ March 9 (#637),298412300,Small plane crashes in Pennsylvania,298323910,Pitt student Sudiksha Konanki vanishes during spring break trip to Dominican Republic after walk on the beach,298212348,Dear Abby: Relative ruined my daughter’s gravestone,298248450,Magomed Ankalaev wins undisputed light heavyweight belt with unanimous decision over Alex Pereira - The Associated Press,298294140,Botic van de Zandschulp upsets Novak Djokovic at Indian Wells,298206008,Wordle today: Answer_ hints for March 9_ 2025
2025-03-10,298725134,Elon Musk Says X Outage Caused by ‘Massive Cyberattack’,298440650,ICE Arrests Pro-Palestinian Activist at Columbia,298645438,US-flagged oil tanker collides with container ship in North Sea,298626320,Secretary of State Rubio says purge of USAID programs complete_ with 83% of agency’s programs gone,298687460,Jack Teixeira_ Pentagon leaker_ to face court-martial while serving 15-year sentence,298660480,Supreme Court will hear free-speech challenge to 'conversion therapy' bans in California_ Colorado,298683334,Ontario slaps 25% increase on electricity exports to U.S. in response to Trump’s trade war,298468524,Mark Carney: Future Canadian Prime Minister?,298680680,How To Watch ‘Gypsy Rose: Life After Lockup’ Season 2—What Time Is The Premiere?,298552388,Pope following Vatican's spiritual retreat from afar as he recovers from pneumonia in hospital - The Associated Press
2025-03-11,298840268,Rodrigo Duterte_ Philippine Ex-President_ Is Arrested on ICC Warrant,299050558,Trump Suddenly Doubles Tariffs on Canada Metals to 50%,298994094,Southwest Airlines ending free checked bags policy for many passengers,298893548,Moscow Targeted By 'Massive' Ukrainian Drone Attack,298892440,Trump announces he’ll buy brand new Tesla to support Elon Musk’s ‘baby’ following boycotts_ dropping stock,299020924,FBI joins search for missing U.S. college student in the Dominican Republic,299069026,Billy Joel_ 75_ postpones tour after undergoing surgery for ‘a medical condition’: ‘My health must come first’,298827946,Today's NYT Strands Hints_ Answers and Help for March 11_ #373,298818484,Today's Wordle Hints and Answer for March 11_ #1361,299120430,Ukraine Agrees To 30-Day Ceasefire Proposal
2025-06-10,329767962,Jeffries Accuses Trump of Deliberately Stirring Unrest in Los Angeles,329897160,Greta Thunberg Deported by Israel,329935860,School shooting in Austria leaves at least eight people dead,329770548,Blake Lively Is All Smiles at Chanel Event Hours After Judge Dismisses Justin Baldoni’s $400M Lawsuit,329771488,Trump authorizes additional 2_000 National Guard members to Los Angeles_ US officials say,329757866,Secretary Of HHS Kennedy Fires Entire CDC’s Vaccine Advisory Committee,329774476,NYT Connections hints today: Clues_ answers for June 10_ 2025,329754598,Capitals forward_ Olympic hero T.J. Oshie announces retirement,329774404,Trump orders Defense Department to send an additional 2_000 National Guard troops to LA anti-ICE riots,329752814,Country singer Conner Smith allegedly hit and killed elderly woman in crosswalk
2025-03-12,299283570,EU announces €26 billion in countermeasures to Trump's steel tariffs,299198954,NYT Connections today hints and answers — Wednesday_ March 12 (#640),299228968,US Tariffs on Steel_ Aluminum Take Effect,299391366,Inflation Was Better-Than-Expected 2.8% In February—As Trump’s Tariffs Linger,299422402,In blow to Democrats_ Sen. Jeanne Shaheen will not seek reelection in New Hampshire,299213264,Wordle today: Answer_ hints for March 12_ 2025,299304006,Europe Retaliates Against Trump’s Tariffs as Trade Fight Widens,299501712,Sadie Sink Joins Tom Holland in ‘Spider-Man 4’,299315832,Harvey Weinstein to appear in court for important decisions before his #MeToo retrial approaches,299504784,A Trump official has been moonlighting as a fashion influencer
2025-03-13,299860634,Judge orders 6 agencies to offer reinstatement to fired probationary employees,299779206,Trump Threatens 200% Tariff On EU Alcohol—Including French Wine,299903636,Trump asks Supreme Court to intervene in birthright citizenship cases,299820368,Democratic-led states sue over dismantling of Education Department,299754222,Nikki Glaser Already Tapped to Return as Golden Globes Host for 2026,299590360,Some Senate Democrats split over spending bill to avert government shutdown,299761664,Warhammer 40_000: Space Marine 2’s First Public Test Server Goes Live_ Update 7.0 Patch Notes Reveal Huge Changes,299837460,PowerWash Simulator is Getting a Sequel Later This Year,299813850,Source: Patriots releasing longtime center_ captain David Andrews,299609370,Former Texas megachurch pastor indicted in Oklahoma on child sexual abuse charges
2025-03-14,299981712,Fire breaks out on American Airlines aircraft at Denver airport,300137804,Hamas to Free American Hostage Edan Alexander,299981726,“Gene Hackman’s Estate Seeks Court Order to Prevent Disclosure of Death Investigation Documents”,299999354,NYT Connections Sports Edition today: Hints and answers for March 14,300132270,Canada's Carney To Be Sworn In As New PM,299995268,Kudlow - Thursday_ March 13,300119562,Sharon Stone Claims She Was ‘Cast and Removed Unexpectedly’ From ‘Another Simple Favor’,300032554,Schumer Says He’ll Vote for GOP Spending Bill to Avert Government Shutdown,300041852,See Vice President J.D. Vance booed at Kennedy Center concert,300155314,Michigan State vs. Oregon odds_ prediction: Bet365 bonus code for Big Ten Tournament
2025-03-15,300551374,Trump signs a bill funding the government for 6 months_ avoiding a shutdown,300563786,Trump orders ‘powerful’ attack on Iranian-backed Houthi rebels in Yemen,300408866,Cavaliers snag franchise-record 16th straight win_ eclipsing 15-0 start,300385382,Wind advisory in place for 17 Michigan counties until Saturday evening,300351266,‘NYT Mini’ Clues And Answers For Saturday_ March 15,300338766,Cooper Kupp joins Seattle Seahawks on 3-Year Deal | Speak,300342628,Kudlow - Friday_ March 14,300344440,Trump’s anti-DEI orders can be enforced as appeals court lifts block while suits play out,300364702,'Connections' March 15: Hints and Answers for Puzzle #643,300440308,Winter storm watch issued for Yosemite for Sunday and Monday – up to 18 inches of snow
2025-03-16,300688244,At least 50 reported killed and more than 100 injured in North Macedonia nightclub fire – Europe live,300772538,Where to watch Florida Gators vs. Tennessee for free today; TV channel_ time_ odds,300719948,March Madness 2025: What channel is Selection Sunday show on today? | FREE live stream_ time_ TV_ channel for March Madness 2025,300631004,Vikings trade with 49ers for running back Jordan Mason,300693492,US strikes Yemen_ targeting Iranian-backed Houthis,300724326,March Madness: Here’s the bracket for the women’s NCAA Tournament,300742982,Death toll reaches at least 33 as ‘high risk’ storm continues to move east - Clone,300672150,SpaceX Crew Dragon Docks With ISS To Reach Stranded Astronauts,300616816,‘NYT Mini’ Clues And Answers For Sunday_ March 16,300609734,Kim Kardashian Working to Erase Kanye Song Featuring Diddy and North West
2025-03-17,300992020,March 17_ 2001: Respected Augusta physician Dr. John Barnard dies_ and no St. Patrick’s Day parade in Dublin due to foot-and-mouth disease fears,300867276,March Madness bracket 2025: Matchups_ dates_ times_ locations_ streaming info_ TV channel revealed for NCAA men’s basketball tournament 2025,300927498,Trump says he'll talk to Putin on Tuesday: 'We want to see if we can bring that war to an end',301046500,Conan O’Brien will return as Oscars host in 2026,300874594,NYT Connections today hints and answers — Monday_ March 17 (#645),301070440,PepsiCo Acquires Poppi_ a Prebiotic Soda Brand_ for Close to $2 Billion,300871212,San Dimas’ J.J. Spaun set for playoff with Rory McIlroy at Players Championship,301004242,Forever 21 files for bankruptcy in the US again,300883618,Ja'Marr Chase_ Bengals Agree to Record Breaking Contract Extension,301155740,2025 iHeartRadio Music Awards: How to Watch the Awards Ceremony Online
2025-03-18,301544444,Review: Assassin's Creed Shadows is Two Steps Forward One Step Back,301589134,Judge rules DOGE’s USAID dismantling likely violates the Constitution,301504366,Tracy Morgan Posts Photo from Hospital_ Speaks Out After Scary Medical Incident at Knicks Game,301463642,Amazon announces Big Spring Sale 2025 dates: Shop the best early deals now,301458712,Google to acquire cloud security startup Wiz for $32 billion,301420286,Parents of missing Pitt student Sudiksha Konanki ask Dominican Republic police to declare her dead,301514102,Yasuke Commits "Hate Crime To Parkour" In Assassin's Creed Shadows_ Say Experts,301525726,Roberts says impeaching judges "not an appropriate response" to disagreement,301272918,Tracy Morgan Taken Out of Knicks Game in a Wheelchair After Courtside Medical Incident Delays Play,301301468,US Astronauts Butch Wilmore and Suni Williams are finally returning to Earth after being stuck in space for 9 months
2025-03-19,301925796,Best skills in Assassin's Creed Shadows,301658330,A federal judge stops the Trump administration from prohibiting transgender individuals from serving in the military,301927528,Where to watch the NCAA March Madness First Four: No. 16 Mount St. Mary’s vs. No. 16 American,301700016,NASA astronauts Butch Wilmore and Suni Williams return to Earth after 9 months stuck in space,301656272,JFK Files Released by Trump Administration: Read New Documents,301923614,Jackie Robinson story restored at Defense Dept.,301816870,Why Duke basketball will win 2025 NCAA Tournament,301845594,Palworld 0.5.0 Patch Notes Bring Details of Crossplay_ Photo Mode_ and More,301909438,‘Opry 100: A Live Celebration’ On NBC: Who’s Performing? A List Of Artists,301677076,Wordle today: Answer_ hints for March 19_ 2025
2025-03-20,302078050,How to watch 2025 March Madness online for free,302017096,Trump to order a plan to shut down the US Education Department,302258020,User's manual to Trump's effort to dismantle the Education Department,302210364,‘Assassin’s Creed Shadows’ Is Out Now: Here’s Where to Buy the New Game for Sony Playstation 5 and Xbox Online,302163084,Tesla to recall over 46_000 Cybertrucks over exterior panel issue,302264914,Celtics sold for record $6.1 billion_ sources say,302036794,Today’s ‘Wordle’ #1370 Hints_ Clues And Answer For Thursday_ March 20th,302229270,Police confirm shooting at a Michigan hospital_ suspect not in custody,302019696,Kudlow - Wednesday_ March 19,302287998,Kirsty Coventry Is Elected President of the I.O.C.
2025-03-21,302455600,What time_ TV channel is Michigan vs. UCSD NCAA Tournament game on today?,302598528,How to watch Iowa State vs. Lipscomb online for free,302428114,How to Watch Utah State vs UCLA: Live Stream March Madness NCAA Tournament_ TV Channel,302521540,Let’s Talk About the Severance Season 2 Finale,302456580,London Heathrow Airport shuts due to 'significant power outage' after large fire,302598536,How to watch Duke vs. Mount St. Marys online for free,302631844,Trump ordered the dismantling of the Education Department. Here's what it does,302672644,“Little House on the Prairie” Alum Jack Lilley Dies at 91: 'One of My Favorite People on the Planet_' Says Melissa Gilbert,302695776,Musk group offers $100 to Wisconsin voters ahead of pivotal state Supreme Court election,302447794,Family of Boeing Whistleblower Who Died by Suicide Files Wrongful Death Lawsuit Against Company
2025-03-22,302834802,Boxing Legend George Foreman Has Passed Away at 76,302818118,Liberty vs. Oregon FREE LIVE STREAM (3/21/25): Watch March Madness 2025 online: Time_ TV_ Channel for NCAA Tournament,303038054,Pope Francis to be released from hospital on Sunday after battling life-threatening illness: doctors,302845446,Trump revokes security clearances of Kamala Harris_ Hillary Clinton,302835080,Two-time heavyweight champ Foreman dies at 76,303002482,Kitty Dukakis_ wife of former Massachusetts governor and failed Democratic presidential nominee Michael Dukakis_ dead at 88,302820976,Homeland Security revokes temporary status for 532_000 Cubans_ Haitians_ Nicaraguans and Venezuelans,303024302,Police report 3 people killed and 14 injured in a shooting in New Mexico,302946288,How to watch Tennessee vs. UCLA online for free,302990302,What channel is USC vs. UNC Greensboro on today (3/22/25)? | FREE LIVE STREAM_ Time_ TV_ Channel for First Round of 2025 Women’s NCAA Tournament
2025-03-23,303225030,What channel is Florida vs. UConn   game on today (3/23/25)? FREE LIVE STREAM_ Time_ TV_ channel for March Madness Round of 32,303223662,Pope Francis Makes Public Appearance in Rome,303175820,‘1923’ Season 2_ episode 5: How to watch online today,303125546,Reports: Wife of Slain CalFire Capt. Rebecca Marodi Arrested in Mexico,303161934,Codeword: March 23_ 2025,303235170,Pope Francis leaves hospital after 5-week hospital stay,303112072,Today’s ‘Wordle’ #1373 Hints_ Clues And Answer For Sunday_ March 23rd,303248880,Oregon vs. Arizona prediction_ odds_ pick for Men’s March Madness 2025,303236034,Lewis Hamilton Disqualified from Chinese GP in Post-Race Shock,303302782,Second lady Usha Vance to visit Greenland as part of Trump push to acquire territory
2025-03-24,303475788,23andMe Files For Chapter 11 Bankruptcy—CEO Anne Wojcicki Exits,303381810,South Korea’s Constitutional Court Dismisses Impeachment of Acting President,303400582,Utah’s Mia Love_ the first Black Republican woman elected to the US House_ has passed away,303610278,Trump targets countries that buy oil and gas from Venezuela with 25% tariff,303505704,Tiger Woods Confirms Vanessa Trump Suspicions with Glaring Contradiction,303446052,Gerard Depardieu to face trial for sexual assault allegations in France,303378636,Tiger Woods breaks silence on relationship with Vanessa Trump,303647870,Once popular DNA testing service files for bankruptcy_ here’s how to delete your data,303532052,Indiana Jones and the Great Circle's PS5 release looks like it might be revealed today as Bethesda teases an announcement: "Keep eyes here",303597112,Trump administration asks Supreme Court to halt judge’s order to rehire probationary federal workers
2025-03-25,303847184,Amazon’s Big Spring Sale is here — Shop 40 celeb-worthy deals we found,303762256,Trump Administration Invokes 'State Secrets Privilege' in Deportation Case,303958958,Napster Acquired By Infinite Reality for $207 Million,303817662,Mangione wants a laptop in jail while he awaits trial in killing of UnitedHealcare CEO - The Associated Press,303771988,USC star JuJu Watkins carried off floor with injury against Mississippi State in March Madness,303924336,Greenlanders unite to fend off Trump as he seeks control of the Arctic island,303763966,Samsung Co-CEO Dies of Heart Attack at 63,303971104,Ben Affleck Breaks Silence on Jennifer Lopez Divorce_ Clears Up Speculation About 'Root Causes' and 'Issues',303788376,Today’s daily horoscope for March 25_ 2025,304028820,Vampire: The Masquerade – Bloodlines 2 won't have typical RPG romantic relationships_ but it will feature 'romantic feeding'
2025-03-26,304379586,Supreme Court upholds Biden rule requiring serial numbers_ background checks for ghost guns,304397698,4 American soldiers are missing from a training area near Lithuania’s capital_ the US military says,304147838,Bucks' Damian Lillard Out Indefinitely With Serious Blood Clot Issue,304296894,The 50 Best Deals at Amazon’s Big Spring Sale Just for Prime Members — Starting at $7,304143414,Trump signs order seeking to overhaul US elections_ including requiring proof of citizenship,304160930,Wordle today: Answer_ hints for March 26_ 2025,304158712,FKA Twigs Postpones Several North American Eusexua Tour Dates Due to Visa Issues,304398192,Nintendo Direct Confirmed For Tomorrow_ 27th March 2025,304146856,Meghan Markle and Gwyneth Paltrow Clear the Air on ‘Breakfast Feud’ During Surprise Joint Appearance,304228572,Federal Health Officials Reclaim $11.4 Billion in COVID Funding from Local Health Departments
2025-03-27,304551322,Social Security Changes Position On Controversial Phone Service Cuts,304869450,Boulder_ Colorado_ wins Sundance Film Festival starting in 2027_ beating out Utah and Ohio,304747028,Leader of MS-13 gang apprehended in Virginia,304599630,Horoscope for Thursday_ March 27,304873316,Trump Pulls Stefanik As UN Ambassador Pick—As Razor-Thin GOP House Majority Raised Concerns,304772628,Tourist Submarine Sinks Off Egypt’s Red Sea Coast,304701306,How to watch Phillies vs. Nationals game today (3/27/25): FREE LIVE STREAM for MLB Opening Day online without cable | Time_ TV_ Channel,304874034,Trump pulls Elise Stefanik nomination over House math,304839724,‘One Battle After Another’ Trailer: Leonardo DiCaprio Is a Nutty Revolutionary in Paul Thomas Anderson’s New Movie,304566556,Wordle today: Answer_ hints for March 27_ 2025
2025-03-28,305062310,Powerful Earthquake Rocks Myanmar_ Thailand,304958558,Smithsonian funding targeted in Trump executive order due to programs with ‘improper ideology’,305173476,Utah Becomes First State to Ban Fluoride in Public Water,305243132,Grizzlies shockingly fire coach Taylor Jenkins in midst of playoff chase,304978518,Today’s NYT Mini Crossword Clues And Answers For Friday_ March 28th,304988850,King Charles briefly hospitalized for cancer treatment side effects,305057558,7.7 magnitude earthquake rocks Southeast Asia,304962818,Selena Quintanilla's killer_ Yolanda Saldívar_ denied parole,305172434,Nintendo Announces Live-Action Zelda Movie Release Date,305182878,Trump pardons Nikola founder Trevor Milton in securities fraud case
2025-03-29,305337844,Ole Miss vs. UCLA FREE LIVE STREAM (3/28/25): Watch Women’s March Madness online: Time_ TV_ Channel for Sweet 16 of 2025 NCAA Tournament,305339858,Columbia University interim president steps down amid clash with Trump admin over federal funding,305358822,Top FDA Vaccine Official Resigns Citing ‘Misinformation and Lies’,305360604,NYT Mini Today: Hints_ Clues And Answers For Saturday_ March 29,305402834,Young Scooter_ Atlanta Rapper Signed to Future and Waka Flocka Flame_ Dies at 39,305358312,Wordle today: Answer_ hints for March 29_ 2025,305378524,Myanmar quake death toll rises sharply to 694,305375268,Myanmar’s earthquake death toll jumps to nearly 700,305341474,Rapper Sean Kingston and His Mother Found Guilty of Fraud,305387816,Dodgers' Mookie Betts hits WALK-OFF HR in extras against Tigers
2025-03-30,305774590,Richard Chamberlain_ TV’s Dr. Kildare_ ‘Shogun_’ ‘Thorn Birds’ Star_ Dies at 90,305654264,'Connections' March 30: Hints and Answers for Puzzle #658,305654726,Wisconsin attorney general sues to stop Musk $1 million payments to voters,305853080,Donald Trump says he's considering ways to serve a third term as president,305753032,Iran’s has rejected direct negotiations with the US in response to Trump’s letter - The Associated Press,305629738,Wordle today: Answer_ hints for March 30_ 2025,305809992,Jason Statham’s ‘A Working Man’ Leads Box Office With $15.2 Million_ ‘Snow White’ Collapses With 66% Decline,305769838,Trump’s Anticipated ‘Liberation Day’ for Tariffs: What It Means for You,305634364,Today’s ‘Wordle’ #1380 Hints_ Clues And Answer For Sunday_ March 30th,305651082,ICE Detains University of Minnesota Graduate Student
2025-03-31,306042158,Marine Le Pen banned from running for public office after guilty verdict in embezzlement trial – Europe live,305903794,US military working to recover 70 ton vehicle from Lithuanian swamp as 4 Army soldiers remain missing,306016608,Missing U.S. soldiers' vehicle recovered from Lithuania swamp,306050844,Marine Le Pen Barred From 2027 Presidential Run ,305896824,Wisconsin Supreme Court declines to hear case challenging Elon Musk's $1 million payments to voters,305905752,Trump says he's considering ways to serve a third term as president,306014328,Monster Hunter Wilds Breezes Past 10 Million Sold_ Capcom Explains Why It’s Done So Incredibly Well,306016018,Israel issues evacuation orders for Rafah,306117676,Prince Andrew Accuser Says She Has 4 Days to Live After Car Crash,305919588,Mensik_ 19_ shocks Djokovic in Miami Open upset
2025-04-01,306523198,Attorney general seeks death penalty for Luigi Mangione,306272462,Hooters files for bankruptcy as restaurants continue operating business as usual: 'Here to stay',306558364,Fourth U.S. Soldier Is Found Dead in Lithuania,306275376,Today’s ‘Wordle’ #1382 Hints_ Clues And Answer For Tuesday_ April 1st,306306636,An ‘Administrative Error’ Sends a Maryland Father to a Salvadoran Prison,306268446,China Says Launches Military Exercises Around Taiwan,306270718,Sydney Sweeney called off wedding because she’s ‘not ready to settle down’ as breakup with fiancé Jonathan Davino is confirmed: source,306469282,Layoffs begin at US health agencies charged with tracking disease_ researching and regulating food,306277864,‘Spider-Man: Beyond the Spider-Verse’ Sets 2027 Release Date,306443254,Senate vote to reverse Trump’s tariffs on Canada is testing Republican support
2025-04-02,306690566,Val Kilmer_ “Top Gun” Actor_ Dies at 65,306883582,Street Fighter 6 is drive rushing its way onto the the Nintendo Switch 2 in with new Amiibos and exclusive Switch 2 game modes,306905222,Nintendo Switch 2 release date_ price announced,306669936,Susan Crawford Wins Wisconsin Supreme Court Seat,306836334,Nintendo Direct to Reveal Switch 2 Details; Release Date and Price Still Unannounced,306889874,Federal judge drops corruption case against New York City Mayor Eric Adams,306872452,Mario Kart World showcased at the Switch 2 Nintendo Direct,306896396,FromSoftware’s The Duskbloods Announced_ Launches in 2026 for Switch 2,306955986,Amazon is reportedly trying to buy TikTok,306850730,Trump is set to announce ‘reciprocal’ tariffs in a risky move that could reshape the economy
2025-04-03,307109818,New York Yankees Player Brett Gardner's Son Miller's Official Cause of Death Revealed: Report,307386322,Pentagon’s watchdog to review Hegseth’s use of Signal app to convey plans for Houthi strike,307340626,Review: South of Midnight Channels a Bygone Era of Gaming,307057488,Trump Imposes Tariffs On Uninhabited Heard And McDonald Islands—‘Remotest Places On Earth’,307306366,Sources: Patriots trade QB Milton to Cowboys,307230046,NYC Mayor Eric Adams is switching parties_ running as independent for reelection,307144674,US bans government personnel in China from romantic or sexual relations with Chinese citizens,307325508,Trump moves to fire several national security officials over concerns they’re not loyal: AP sources,307191796,Hungary plans to withdraw from International Criminal Court as Netanyahu arrives despite warrant,307265460,Kanye West Confirms Bianca Censori Left Him After Controversial Rants
2025-04-04,307668496,Russell Brand Charged With Rape and Sexual Assault,307684262,Trump’s Tariff Math,307706306,Nintendo Delays Switch 2 Pre-Orders In The US Amidst New Trump Tariffs,307472076,South Korean president removed from office four months after declaring martial law,307753804,Trump Extends TikTok Deadline,307617904,China to impose 34% retaliatory tariff on all goods imported from the U.S.,307721492,Where to watch the men’s Final Four: Free stream_ channel_ times,307676742,Federal judge to hear arguments in case of Maryland man mistakenly deported to El Salvador,307490968,Today’s daily horoscope for April 4_ 2025,307468936,NYT Strands hints_ answers for April 4
2025-04-05,307832330,Alex Ovechkin scores 893rd goal_ is one away from tying Wayne Gretzky’s record,307996422,‘Hands Off!’ protests against Trump and Musk are planned across the US,308065558,How to watch Florida vs. Auburn for free in March Madness Final Four,307830194,Paul Schrader Accused of Sexually Harassing Assistant and Reneging on Settlement,307967884,How to watch New York Yankees vs. Pittsburgh Pirates game today (4/5/25): FREE LIVE STREAM_ Time_ TV_ Channel for MLB,307835728,Prosecutors Seek 7 Years for George Santos,308006706,Senate GOP approves framework for Trump’s tax breaks and spending cuts after late-night session,308047440,Carmelo Anthony headlines Naismith Hall of Fame class for 2025,307959784,Slate Mini Crossword for April 5_ 2025,307831144,Boston Celtics Break NBA Record For Most 3-Pointers In A Season
2025-04-06,308178416,Second measles death reported in Texas,308225738,Capitals vs. Islanders tickets: Buy seats to watch Alex Ovechkin break NHL all-time goal record,308223730,Pope Greets Crowd in St. Peter’s Square_ Two Weeks After Hospital Release,308136976,Today’s daily horoscope for April 6_ 2025,308136346,'Connections' April 6: Hints and Answers for Puzzle #665,308319764,Capitals' Alexander Ovechkin Surpasses Wayne Gretzky's Goals Record,308112518,Max Verstappen is back and in pole position for the Japanese Grand Prix - AP News,308268824,Where to watch UConn vs. South Carolina (4/6/25) | FREE LIVE STREAM_ Time_ TV Channel for women’s NCAA championship game,308292364,‘Minecraft Movie’ Dominates Global Box Office with $301M Opening Weekend,308123688,‘NYT Mini’ Clues And Answers For Sunday_ April 6
2025-04-07,308389536,‘The White Lotus’ Season 3 Ending Explained: Who Dies In The Season Finale?,308605778,Clem Burke_ Drummer for Blondie_ Dies at 70,308393564,‘The White Lotus’ Season 3 Ending Explained: Who Died?,308410486,Vladimir Guerrero Jr._ Blue Jays Finalize $500 Million Extension: Reports,308373844,Jay North_ ‘Dennis the Menace’ star_ dead at 73,308409172,Today’s daily horoscope for April 7_ 2025,308583160,New trailer for Mission: Impossible – The Final Reckoning is a giant love letter to the franchise and Tom Cruise's action star career,308638352,Trump Admin Asks Supreme Court to Halt Judge’s Ruling Ordering Return of Deportee,308633396,Trump threatens China with additional 50% tariff if Beijing doesn’t scrap its retaliation,308410482,'Connections' April 7: Hints and Answers for Puzzle #666
2025-04-08,308927760,Dominican Republic Nightclub Roof Collapse: At Least 13 People Killed,309013140,Supreme Court blocks order requiring Trump administration to reinstate thousands of federal workers,308927268,Trump's Tantrum Tariffs,308777114,Florida wins its third NCAA basketball title and denies Houston its first_ rallying for 65-63 victory,308844168,China Makes Trump Trade War Vow: 'To the End',309048660,Nuggets Release Statement on Firing Michael Malone and Calvin Booth,308762874,China says it will 'fight to the end' after Trump threatens 50% additional tariffs,308886852,South Korea Fires Warning Shots After North Korean Soldiers Cross Border,308778342,Report: Scientists Genetically Engineer Long-Extinct Dire Wolves,308752998,Trump says U.S. will have ‘direct’ talks with Iran over nuclear program
2025-04-09,309186316,Trump's sweeping new tariffs in effect_ including 104% on China,309305020,Ex-MLB player Tony Blanco credited with saving friend before dying in Dominican Republic roof collapse,309131394,Trump administration freezes $790 million for Northwestern University: report,309318506,China Retaliates With 84 Percent Tariffs on US Goods,309434514,Trump pauses tariffs on most nations for 90 days_ raises taxes on Chinese imports,309402030,‘The Last of Us’ Renewed for Season 3 Ahead of Season 2 Premiere,309170624,Today’s daily horoscope for April 9_ 2025,309185792,The roof collapses at a Dominican Republic nightclub_ killing at least 98 people,309126676,Texas AG Ken Paxton launches Senate primary challenge against Republican Sen. John Cornyn,309467026,Army Secretary Daniel Driscoll tapped as acting head of ATF operations
2025-04-10,309524500,Weezer Bassist Scott Shriner’s Wife Shot by Police_ Arrested for Attempted Murder,309643006,Russian-American ballerina Ksenia Karelina released in prisoner swap,309517898,Dominican Republic nightclub roof collapse shakes Massachusetts,309859558,Helicopter Crashed Into Hudson River_ NYPD Says,309729490,Egg Prices Hit Record High,309618148,‘Black Mirror’ Season 7 Cast Guide: From Paul Giamatti and Awkwafina to the Returns of Cristin Milioti and Will Poulter,309817474,House Passes Bill to Require Proof of Citizenship to Vote,309552508,Today’s daily horoscope for April 10_ 2025,309549528,Butter Recalled in 7 States Over Potential Fecal Contamination,309523882,Director James Toback Ordered to Pay $1.68 Billion to 40 Women in Sexual Misconduct Suit
2025-04-11,309913406,Eric Dane Shares ALS Diagnosis Ahead of ‘Euphoria’ Return: ‘Grateful to Have My Loving Family by My Side’,310233880,Judge Deals Mahmoud Khalil Major Setback in Deportation Fight,310044180,China strikes back with 125% tariffs on U.S. goods as trade war intensifies,310156320,Plane Crashes in Boca Raton_ Florida,310008230,Senate Confirms Dan Caine as Chairman of Joint Chiefs of Staff,309942464,Helicopter Crashes Into Hudson River_ Killing Six,310020652,China raises tariffs on US goods to 125% as Xi urges EU to resist Trump ‘bullying’,309909954,Maryland immigrant wrongly deported to El Salvador must return to US_ Supreme Court rules,310078352,What is the Boudoir safe code - Blue Prince,310124634,US fires commander of Greenland Space Force base following Vance visit
2025-04-12,310447228,Trump Exempts Smartphones from New Tariffs,310296644,The Story w/ Martha MacCallum - Friday_ April 11,310297626,Wordle today: Answer_ hints for April 12_ 2025,310281188,New York Mets vs. Athletics FREE LIVE STREAM (4/11/25): How to watch MLB game without cable| Time_ TV Channel,310306662,Benson Boone Brings Out Queen’s Brian May for ‘Bohemian Rhapsody’ at Coachella,310330334,Dear Abby: My sister expects me to pay her rent in retirement,310459340,Trump administration says it will exclude some electronics from ‘reciprocal’ tariffs,310409662,Ohio State football spring game FREE STREAM: How to watch today,310289834,Menendez Brothers Score Legal Win in Resentencing Hearing,310288322,‘Mythic Quest’ Canceled After Four Seasons_ Apple TV+ to Air Updated Finale Episode With New Ending (EXCLUSIVE)
2025-04-13,310661342,How to watch The Masters on Sunday (4/13/25) | FREE LIVE STREAMS_ TV times for final round of PGA Golf Tournament,310730548,Police: Someone set fire to Pennsylvania governor's residence,310713366,NFL draft hopeful_ ex-LSU WR Lacy found dead,310559472,‘Boston Public’ Actor Dies at 54,310684798,Convalescing Pope Francis opens Holy Week with greeting in St. Peter's Square,310741636,Josh Shapiro and Family Evacuated From Pennsylvania Governor’s Residence After Arson Attack,310584472,Today’s daily horoscope for April 13_ 2025,310556244,NYT Connections today hints and answers — Sunday_ April 13 (#672),310749420,Aimee Lou Wood Says Her ‘SNL’ Portrayal Was ‘Mean and Unfunny’,310600060,Alexander Volkanovski vs Diego Lopes UFC 314 result: Vintage Volk on display as new champion is crowned in Miami
2025-04-14,310818832,Rory McIlroy ignored Bryson Dechambeau in Masters final round: ‘He didn’t talk to me once all day’,311009578,See Katy Perry_ Lauren Sánchez & More Launch Blue Origin Space Mission,310821614,Mario Vargas Llosa_ Nobel-Winning Peruvian Novelist_ Dies at 89,310821856,NYT Connections today hints and answers — Monday_ April 14 (#673),311007362,What Suns’ Mike Budenholzer has his ‘focus’ towards after disastrous season,311072512,El Salvador Won’t Return Wrongly Deported Man,310977034,Suspect in arson at Pennsylvania Gov. Josh Shapiro’s residence planned to beat him_ documents say,310948314,Coast Guard rescues 4 passengers from capsized boat off Florida coast; 1 dead_ 5 still missing,310899778,Meta Faces Landmark US Antitrust Trial,310853874,Today’s daily horoscope for April 14_ 2025
2025-04-15,311184536,What to know about Harvey Weinstein's #MeToo retrial with jury selection set to get underway,311173510,Trump administration freezes $2.2 billion in grants to Harvard over campus activism,311210332,How to watch Dortmund vs. Barcelona online for free,311352762,NYT Strands hints_ answers for April 15,311176578,Elephants at San Diego zoo huddle to protect calves during earthquake - AP News,311253136,US moves ahead on tariffs with investigations into computer chips and pharmaceuticals - AP News,311173444,VP JD Vance fumbles Ohio State's national championship trophy at White House,311207190,Today’s daily horoscope for April 15_ 2025,311410220,Trump Threatens Harvard's Tax Exempt Status,311376170,Starbucks Announces Dress Code Change
2025-04-16,311818844,Judge finds probable cause to hold Trump administration in criminal contempt,311755602,Trump administration sues Maine over trans ban,311753102,Gavin Newsom’s Plan to Dodge Trump’s Tariffs May Run Into a Little Thing Called the Constitution_ Legal Scholars Say,311552030,Where to watch Grizzlies vs Warriors (4/15/25) online without cable | FREE LIVE STREAM_ Time_ TV channel for NBA play-in tournament,311545946,Wink Martindale_ veteran game show host of “Tic-Tac-Dough”_ “Gambit”_ and more_ dies at 91,311667748,American pastor kidnapped in South Africa rescued after deadly police shootout,311550286,Today’s ‘Wordle’ #1397 Hints_ Clues And Answer For Wednesday_ April 16th,311859786,Trump administration plans to end the IRS Direct File program for free tax filing_ AP sources say,311892340,Michelle Trachtenberg died natural death from complications of diabetes: medical examiner,311721950,California will sue to stop Trump from imposing sweeping tariffs
2025-04-17,312195230,Active shooter reported on Florida State campus in Tallahassee,312092792,Trump again calls for Fed to cut rates_ says Powell’s ‘termination cannot come fast enough’,312223660,Supreme Court to hear challenge to Trump's birthright citizenship order in May,312179660,Google has illegal monopolies_ judge rules,311928140,Haley Joel Osment Arrested for Public Intoxication at Ski Resort,311946802,Wordle today: Answer_ hints for April 17_ 2025,312197998,Multiple people injured in shooting at Florida State University,311929502,Webb Spots Strongest 'Hints' Yet Of Life On Distant Planet,312147684,Fantastic Four: First Steps‘ New Trailer Heralds the Rise of the Silver Surfer,312183766,Lee Corso will retire from ESPN's 'College Gameday'
2025-04-18,312296354,Maryland Sen. Van Hollen shares photo with Kilmar Abrego Garcia in El Salvador,312325806,New Pornographers Drummer Joe Seiders Arrested for Possession of Child Pornography,312311042,Haley Joel Osment charged with cocaine possession and being drunk in public,312298006,US Senator Meets Wrongfully Deported Salvadoran Migrant,312408280,US Prepared To Ditch Russia-Ukraine Peace Talks If There Is No Progress Soon_ Rubio Says,312298078,What we know about Florida State University shooting suspect,312307026,Hurdle hints and answers for April 18_ 2025,312307032,Wordle today: Answer_ hints for April 18_ 2025,312312696,Ryan Gosling to headline new “Star Wars ”film from “Deadpool & Wolverine ”director Shawn Levy,312531356,What channel is Heat vs. Hawks on tonight (4/18/25)? | FREE LIVE STREAM_ Time_ TV channel for NBA play-in tournament game
2025-04-19,312650644,Supreme Court blocks_ for now_ new deportations under 18th century wartime law,312755448,Putin announces an Easter truce in Ukraine,312597042,Oakland election: Barbara Lee now has the lead in mayoral race,312630322,Star Wars Celebration: Hayden Christensen Returning as Anakin Skywalker for ‘Ahsoka’ Season Two,312797956,Where to watch Texas A&M football spring game free today: Live stream,312591996,Dodgers star Shohei Ohtani goes on paternity list for birth of his first child,312604658,“RuPaul's Drag Race” season 17 winner and Miss Congeniality crowned: See who won at the stunning grand finale,312655638,Codeword: April 19_ 2025,312757026,What channel is Clippers vs. Nuggets on today (4/19/25)? | FREE LIVE STREAM_ Time_ TV channel for NBA Playoffs,312675546,Small plane crashes into Nebraska river and kills 3 on board - AP News
2025-04-20,312879704,Today's NYT Connections: Sports Edition Hints and Answers for April 20_ #209,312966536,What channel is Heat vs. Cavaliers on tonight (4/20/25)? | FREE LIVE STREAM_ Time_ TV channel for NBA Playoffs,312974278,Easter 2025: Pope Francis delights crowd with popemobile tour,313061184,Yankees’ Max Fried loses no-hit bid on official scoring change,312980432,Vance meets Pope Francis on Easter Sunday after tangling over migration,312987550,Zelenskyy says Russia trying to create 'impression of ceasefire' as attacks continue,312869178,WWE WrestleMania 41 Results: Seth Rollins Wins_ Paul Heyman Lied,312882570,Today’s daily horoscope for April 20_ 2025,312999984,Where to watch Grizzlies vs Thunder Game 1 streaming free; NBA playoffs TV channel_ odds,312952074,How to watch Toronto Maple Leafs vs. Ottawa Senators Game 1 | FREE LIVE STREAM for 2025 Stanley Cup Playoffs